Workbook

Sheet store_performance
A1: store_id | B1: month | C1: region | D1: store_type | E1: marketing_spend | F1: footfall | G1: avg_discount_pct | H1: staff_count | I1: inventory_availability_pct | J1: competitor_distance_km | K1: holiday_flag | L1: customer_rating | M1: monthly_sales | N1: monthly_profit
A2: STR-1001 | B2: 45658 | C2: East | D2: Residential | E2: 70389.11 | F2: 8302 | G2: 0.042 | H2: 17 | I2: 75 | J2: 5.28 | K2: 1 | L2: 3.1 | M2: 658832.62 | N2: 84349.93
A3: STR-1001 | B3: 45689 | C3: East | D3: Residential | E3: 43827.89 | F3: 8487 | G3: 0.168 | H3: 23 | I3: 84.4 | J3: 4.31 | K3: 0 | L3: 2.8 | M3: 634436 | N3: 106130.54
A4: STR-1001 | B4: 45717 | C4: East | D4: Residential | E4: 59921.75 | F4: 9113 | G4: 0.133 | H4: 20 | I4: 88 | J4: 12 | K4: 0 | L4: 3.2 | M4: 678722.06 | N4: 101883.86
A5: STR-1001 | B5: 45748 | C5: East | D5: Residential | E5: 56856.63 | F5: 9431 | G5: 0.142 | H5: 23 | I5: 86.9 | J5: 4.97 | K5: 0 | L5: 3.4 | M5: 658920.3 | N5: 97910.37
A6: STR-1002 | B6: 45658 | C6: East | D6: High Street | E6: 48412.64 | F6: 9545 | G6: 0.231 | H6: 21 | I6: 97.6 | J6: 6.94 | K6: 1 | L6: 4.2 | M6: 741341.44 | N6: 119208.17
A7: STR-1002 | B7: 45689 | C7: East | D7: High Street | E7: 64811.21 | F7: 9792 | G7: 0.112 | H7: 20 | I7: 84.2 | J7: 2.88 | K7: 0 | L7: 4.2 | M7: 761835.34 | N7: 149602.23
A8: STR-1002 | B8: 45717 | C8: East | D8: High Street | E8: 46213.45 | F8: 10616 | G8: 0.122 | H8: 22 | I8: 85.2 | J8: 0.2 | K8: 1 | L8: 4.1 | M8: 806615.54 | N8: 131364.62
A9: STR-1002 | B9: 45748 | C9: East | D9: High Street | E9: 68148.52 | F9: 8567 | G9: 0.127 | H9: 23 | I9: 95.6 | J9: 0.8 | K9: 0 | L9: 3.9 | M9: 850164.26 | N9: 149262.75
A10: STR-1003 | B10: 45658 | C10: North | D10: Airport | E10: 71838.86 | F10: 10979 | G10: 0.215 | H10: 26 | I10: 88.6 | J10: 7.7 | K10: 1 | L10: 3.8 | M10: 930581.7 | N10: 136207.98
A11: STR-1003 | B11: 45689 | C11: North | D11: Airport | E11: 68133.44 | F11: 9459 | G11: 0.22 | H11: 21 | I11: 85 | J11: 1.91 | K11: 0 | L11: 4.2 | M11: 779010.94 | N11: 106328.09
A12: STR-1003 | B12: 45717 | C12: North | D12: Airport | E12: 34285.21 | F12: 9172 | G12: 0.213 | H12: 22 | I12: 88.3 | J12: 10.46 | K12: 1 | L12: 3.8 | M12: 723060.76 | N12: 123131.24
A13: STR-1003 | B13: 45748 | C13: North | D13: Airport | E13: 67979.88 | F13: 11230 | G13: 0.002 | H13: 28 | I13: 85.3 | J13: 7.16 | K13: 0 | L13: 3.8 | M13: 910791.94 | N13: 158891.28
... A34: STR-1009 | B34: 45658 | C34: North | D34: Residential | E34: 54597.83 | F34: 9429 | G34: 0.188 | H34: 21 | I34: 83.3 | J34: 11.71 | K34: 0 | L34: 4.2 | M34: 641865.03 | N34: 81342.58
A35: STR-1009 | B35: 45689 | C35: North | D35: Residential | E35: 73771.91 | F35: 11695 | G35: 0.07 | H35: 25 | I35: 84.7 | J35: 0.62 | K35: 0 | M35: 799477.76 | N35: 164974.41
A36: STR-1009 | B36: 45717 | C36: North | D36: Residential | E36: 74413.88 | F36: 9449 | G36: 0.039 | H36: 23 | I36: 92.1 | J36: 2.12 | K36: 0 | L36: 3.5 | M36: 798952.17 | N36: 161499.04
A37: STR-1009 | B37: 45748 | C37: North | D37: Residential | E37: 52483.77 | F37: 10453 | G37: 0.247 | H37: 25 | I37: 99 | J37: 6.31 | K37: 0 | L37: 3.6 | M37: 800979.78 | N37: 149242.27
A38: STR-1010 | B38: 45658 | C38: North | D38: Mall | E38: 75269.87 | F38: 8838 | G38: 0.092 | H38: 21 | I38: 83.1 | J38: 9.56 | K38: 1 | L38: 4.2 | M38: 820593.93 | N38: 115860.06
A39: STR-1010 | B39: 45689 | C39: North | D39: Mall | E39: 61245.41 | F39: 8156 | G39: 0.156 | H39: 19 | I39: 92.9 | J39: 9.05 | K39: 0 | L39: 3.8 | M39: 718330.53 | N39: 93247.9
A40: STR-1010 | B40: 45717 | C40: North | D40: Mall | E40: 93381.26 | F40: 7562 | G40: 0.198 | H40: 19 | I40: 82.9 | J40: 5.05 | K40: 0 | L40: 4 | M40: 736633.4 | N40: 115654.66
A41: STR-1010 | B41: 45748 | C41: North | D41: Mall | E41: 65012.19 | F41: 9598 | G41: 0.085 | H41: 24 | I41: 98.3 | J41: 0.89 | K41: 0 | L41: 3.8 | M41: 828623.85 | N41: 167320.52
A42: STR-1011 | B42: 45658 | C42: East | D42: Mall | E42: 40462.94 | F42: 3660 | G42: 0.218 | H42: 11 | I42: 95.2 | J42: 5.57 | K42: 0 | L42: 4.4 | M42: 592195.85 | N42: 92291.56
A43: STR-1011 | B43: 45689 | C43: East | D43: Mall | E43: 46123.88 | F43: 3227 | G43: 0.143 | H43: 10 | I43: 75.4 | J43: 1.06 | K43: 0 | L43: 4.4 | M43: 532644.46 | N43: 60681.32
A44: STR-1011 | B44: 45717 | C44: East | D44: Mall | E44: 68077.54 | F44: 3360 | G44: 0.128 | H44: 14 | I44: 88.2 | J44: 1.24 | K44: 1 | L44: 4 | M44: 657429.18 | N44: 88919.74
A45: STR-1011 | B45: 45748 | C45: East | D45: Mall | E45: 64882.14 | F45: 3642 | G45: 0.019 | H45: 13 | I45: 87.8 | J45: 4.52 | K45: 0 | L45: 4.2 | M45: 605178 | N45: 106958.74
A46: STR-1012 | B46: 45658 | C46: West | D46: Residential | E46: 138855.51 | F46: 5145 | G46: 0.06 | H46: 17 | I46: 88.2 | J46: 9.58 | K46: 0 | L46: 3.2 | M46: 595467.6 | N46: 104276.46
A47: STR-1012 | B47: 45689 | C47: West | D47: Residential | E47: 63630.21 | F47: 4460 | G47: 0.235 | H47: 14 | I47: 98.6 | J47: 5.52 | K47: 0 | L47: 3.5 | M47: 599603.4 | N47: 112685.12
... A72: STR-1018 | B72: 45717 | C72: East | D72: High Street | E72: 60571.82 | F72: 3193 | G72: 0.197 | H72: 7 | I72: 99 | J72: 1.43 | K72: 0 | L72: 3.2 | M72: 605023.87 | N72: 98545.81
A73: STR-1018 | B73: 45748 | C73: East | D73: High Street | E73: 55081.16 | F73: 5485 | G73: 0.036 | H73: 12 | I73: 88 | K73: 0 | L73: 3.5 | M73: 674774.09 | N73: 141917.59
A74: STR-1019 | B74: 45658 | C74: East | D74: Residential | E74: 46201.46 | F74: 5918 | G74: 0.277 | H74: 13 | I74: 78.8 | J74: 4.91 | K74: 0 | L74: 4.5 | M74: 616069.41 | N74: 54453.99
A75: STR-1019 | B75: 45689 | C75: East | D75: Residential | E75: 53762.92 | F75: 6821 | G75: 0.066 | H75: 19 | I75: 94.6 | J75: 7.03 | K75: 0 | L75: 4.4 | M75: 630829.94 | N75: 117090.02
A76: STR-1019 | B76: 45717 | C76: East | D76: Residential | E76: 70144.78 | F76: 6806 | G76: 0.178 | H76: 20 | I76: 93.1 | J76: 0.28 | K76: 1 | L76: 4.3 | M76: 788087.68 | N76: 116803.42
A77: STR-1019 | B77: 45748 | C77: East | D77: Residential | E77: 58749.63 | F77: 8252 | G77: 0.203 | H77: 20 | I77: 85.2 | J77: 3.61 | K77: 0 | L77: 4.5 | M77: 680840.36 | N77: 68007.68
A78: STR-1020 | B78: 45658 | C78: South | D78: High Street | E78: 56973.18 | F78: 6662 | G78: 0.1 | H78: 15 | I78: 77.7 | J78: 7.52 | K78: 1 | L78: 3.2 | M78: 643657.47 | N78: 87022.45
A79: STR-1020 | B79: 45689 | C79: South | D79: High Street | E79: 54872.82 | F79: 5962 | G79: 0.064 | H79: 12 | I79: 85.4 | J79: 2.58 | K79: 0 | L79: 2.9 | M79: 691112.6 | N79: 109212.83
A80: STR-1020 | B80: 45717 | C80: South | D80: High Street | E80: 80562.81 | F80: 7470 | G80: 0.172 | H80: 16 | I80: 83.5 | J80: 2.29 | K80: 0 | L80: 3.3 | M80: 776922.17 | N80: 150701.93
A81: STR-1020 | B81: 45748 | C81: South | D81: High Street | E81: 77999.9 | F81: 5974 | G81: 0.252 | H81: 14 | I81: 81.3 | J81: 2.39 | K81: 0 | L81: 3.2 | M81: 636561.34 | N81: 93861.06
A82: STR-1021 | B82: 45658 | C82: West | D82: Mall | E82: 60881.01 | F82: 5410 | G82: 0.179 | H82: 15 | I82: 83.9 | J82: 5.24 | K82: 0 | L82: 4.6 | M82: 621369.58 | N82: 85493.64
A83: STR-1021 | B83: 45689 | C83: West | D83: Mall | E83: 60628.38 | F83: 4451 | G83: 0.095 | H83: 10 | I83: 89.6 | J83: 3.17 | K83: 0 | L83: 4.6 | M83: 682208.01 | N83: 110318.84
A84: STR-1021 | B84: 45717 | C84: West | D84: Mall | E84: 72731.14 | F84: 4644 | G84: 0.084 | H84: 15 | I84: 87.1 | J84: 2.66 | K84: 0 | L84: 4.6 | M84: 727241.86 | N84: 155810.3
A85: STR-1021 | B85: 45748 | C85: West | D85: Mall | E85: 36475.71 | F85: 3559 | G85: 0.03 | H85: 8 | I85: 83.6 | J85: 1.41 | K85: 0 | L85: 4.2 | M85: 569100.78 | N85: 104808.78
A86: STR-1022 | B86: 45658 | C86: West | D86: High Street | E86: 55388.11 | F86: 3091 | G86: 0.108 | H86: 7 | I86: 85.4 | J86: 7.34 | K86: 0 | L86: 4.9 | M86: 574436.29 | N86: 80271.99
A87: STR-1022 | B87: 45689 | C87: West | D87: High Street | E87: 88443.77 | F87: 4004 | G87: 0.206 | H87: 11 | I87: 91.9 | J87: 5.95 | K87: 0 | M87: 611766.72 | N87: 88275.61
A88: STR-1022 | B88: 45717 | C88: West | D88: High Street | E88: 78231.91 | F88: 3788 | G88: 0.059 | H88: 11 | I88: 88.5 | J88: 15.51 | K88: 0 | L88: 4.3 | M88: 614596.32 | N88: 131199.41
A89: STR-1022 | B89: 45748 | C89: West | D89: High Street | E89: 18996.32 | F89: 1260 | G89: 0.145 | H89: 9 | I89: 86.4 | J89: 4.31 | K89: 0 | L89: 4.6 | M89: 450711.92 | N89: 90043.76
A90: STR-1023 | B90: 45658 | C90: South | D90: Mall | E90: 50517.94 | F90: 7024 | G90: 0.029 | H90: 18 | I90: 79.2 | J90: 6.61 | K90: 1 | L90: 4.1 | M90: 711213.46 | N90: 105863.26
A91: STR-1023 | B91: 45689 | C91: South | D91: Mall | E91: 141540.29 | F91: 5400 | G91: 0.013 | H91: 12 | I91: 87 | J91: 4.26 | K91: 0 | L91: 4.5 | M91: 627171.9 | N91: 105772.75
A92: STR-1023 | B92: 45717 | C92: South | D92: Mall | E92: 82116.19 | F92: 5988 | G92: 0.04 | H92: 17 | I92: 91.8 | J92: 5.75 | K92: 0 | L92: 4.7 | M92: 739852.58 | N92: 129386.43
A93: STR-1023 | B93: 45748 | C93: South | D93: Mall | E93: 31207.51 | F93: 3701 | G93: 0.043 | H93: 11 | I93: 84.7 | J93: 0.33 | K93: 0 | L93: 4.3 | M93: 586307.22 | N93: 73927.85
A94: STR-1024 | B94: 45658 | C94: West | D94: Residential | E94: 38966.59 | F94: 4509 | G94: 0.194 | H94: 14 | I94: 91.1 | J94: 2.92 | K94: 0 | L94: 4.6 | M94: 585937.48 | N94: 82624.2
A95: STR-1024 | B95: 45689 | C95: West | D95: Residential | E95: 67439.3 | F95: 6477 | G95: 0 | H95: 16 | I95: 90.9 | J95: 1.64 | K95: 0 | L95: 4.5 | M95: 753473.55 | N95: 151527.22
A96: STR-1024 | B96: 45717 | C96: West | D96: Residential | E96: 86421.88 | F96: 7970 | G96: 0.073 | H96: 17 | I96: 91.3 | J96: 0.8 | K96: 0 | L96: 5 | M96: 838250.32 | N96: 122939.34
A97: STR-1024 | B97: 45748 | C97: West | D97: Residential | E97: 9534.65 | F97: 6057 | G97: 0.074 | H97: 15 | I97: 94.1 | J97: 5.79 | K97: 0 | L97: 4.5 | M97: 607898.12 | N97: 135404.85
A98: STR-1025 | B98: 45658 | C98: West | D98: Mall | E98: 61132.07 | F98: 6394 | G98: 0.163 | H98: 19 | I98: 91 | J98: 19.6 | K98: 0 | L98: 4.4 | M98: 691113.62 | N98: 135145.44
A99: STR-1025 | B99: 45689 | C99: West | D99: Mall | E99: 78839.39 | F99: 5150 | G99: 0.171 | H99: 13 | I99: 85.8 | J99: 7.57 | K99: 0 | L99: 4.3 | M99: 735509.4 | N99: 83895.96
A100: STR-1025 | B100: 45717 | C100: West | D100: Mall | E100: 38752.8 | F100: 4712 | G100: 0.075 | H100: 15 | I100: 89.7 | K100: 0 | L100: 4.3 | M100: 605775.33 | N100: 107194.6
A101: STR-1025 | B101: 45748 | C101: West | D101: Mall | E101: 55101.1 | F101: 5281 | G101: 0.189 | H101: 11 | I101: 91 | J101: 2.7 | K101: 0 | L101: 4.4 | M101: 675177.68 | N101: 105628.68
A102: STR-1026 | B102: 45658 | C102: East | D102: Mall | E102: 53084.76 | F102: 3642 | G102: 0.15 | H102: 12 | I102: 91.4 | J102: 0.2 | K102: 0 | L102: 4.4 | M102: 635181.35 | N102: 83341.25
A103: STR-1026 | B103: 45689 | C103: East | D103: Mall | E103: 63101.59 | F103: 4373 | G103: 0.173 | H103: 14 | I103: 90.4 | J103: 7.87 | K103: 0 | L103: 4.7 | M103: 586626.94 | N103: 86498.55
A104: STR-1026 | B104: 45717 | C104: East | D104: Mall | E104: 90084.4 | F104: 6832 | G104: 0.185 | H104: 14 | I104: 80.5 | J104: 0.77 | K104: 1 | L104: 4.4 | M104: 740102.64 | N104: 114299.07
A105: STR-1026 | B105: 45748 | C105: East | D105: Mall | E105: 32266.64 | F105: 2414 | G105: 0.08 | H105: 7 | I105: 92.1 | J105: 1.48 | K105: 0 | L105: 5 | M105: 625514.04 | N105: 120685.08
A106: STR-1027 | B106: 45658 | C106: West | D106: High Street | E106: 57919.07 | F106: 7374 | G106: 0.103 | H106: 21 | I106: 82.3 | J106: 2.87 | K106: 0 | L106: 2.9 | M106: 727227.2 | N106: 121292.01
A107: STR-1027 | B107: 45689 | C107: West | D107: High Street | E107: 74679.35 | F107: 8739 | G107: 0.056 | H107: 21 | I107: 91.8 | J107: 2.83 | K107: 0 | L107: 3 | M107: 783797.89 | N107: 157620.7
A108: STR-1027 | B108: 45717 | C108: West | D108: High Street | E108: 64294.23 | F108: 6992 | G108: 0.133 | H108: 14 | I108: 94.1 | J108: 0.25 | K108: 0 | L108: 3 | M108: 795153.84 | N108: 143194.21
A109: STR-1027 | B109: 45748 | C109: West | D109: High Street | E109: 31042.03 | F109: 7107 | G109: 0.051 | H109: 15 | I109: 87 | J109: 13.33 | K109: 0 | L109: 3.2 | M109: 665594.94 | N109: 127597.34
A110: STR-1028 | B110: 45658 | C110: East | D110: Mall | E110: 75265.02 | F110: 6975 | G110: 0.157 | H110: 20 | I110: 73.8 | J110: 6.35 | K110: 1 | L110: 3.8 | M110: 709478.39 | N110: 71294.27
A111: STR-1028 | B111: 45689 | C111: East | D111: Mall | E111: 69411.7 | F111: 5493 | G111: 0.292 | H111: 13 | I111: 86.5 | J111: 6.69 | K111: 0 | L111: 3.8 | M111: 664162.49 | N111: 98291.06
A112: STR-1028 | B112: 45717 | C112: East | D112: Mall | E112: 51056.15 | F112: 5686 | G112: 0.089 | H112: 13 | I112: 89.9 | J112: 1.28 | K112: 0 | L112: 4.2 | M112: 633494.21 | N112: 105739.47
... A134: STR-1034 | B134: 45658 | C134: North | D134: High Street | E134: 70276.28 | F134: 3043 | G134: 0.079 | H134: 9 | I134: 87.9 | J134: 3.77 | K134: 0 | L134: 4.4 | M134: 527300.13 | N134: 84197.87
A135: STR-1034 | B135: 45689 | C135: North | D135: High Street | E135: 22071.64 | F135: 1814 | G135: 0.196 | H135: 8 | I135: 81.1 | J135: 0.78 | K135: 0 | M135: 400831.65 | N135: 70979.31
A136: STR-1034 | B136: 45717 | C136: North | D136: High Street | E136: 52285.45 | F136: 3618 | G136: 0.086 | H136: 11 | I136: 95.6 | J136: 5.17 | K136: 1 | L136: 4.4 | M136: 593247.25 | N136: 81240.29
A137: STR-1034 | B137: 45748 | C137: North | D137: High Street | E137: 70366.76 | F137: 1963 | G137: 0.182 | H137: 8 | I137: 89.8 | J137: 3.2 | K137: 0 | L137: 4.6 | M137: 529075.95 | N137: 95978.83
A138: STR-1035 | B138: 45658 | C138: South | D138: Residential | E138: 71320.66 | F138: 7888 | G138: 0.048 | H138: 20 | I138: 78.1 | J138: 3.4 | K138: 0 | M138: 633638.03 | N138: 99402.01
A139: STR-1035 | B139: 45689 | C139: South | D139: Residential | E139: 75109.67 | F139: 6244 | G139: 0.079 | H139: 15 | I139: 96.3 | J139: 7.38 | K139: 0 | L139: 3.7 | M139: 743348.84 | N139: 104186.09
A140: STR-1035 | B140: 45717 | C140: South | D140: Residential | E140: 69779 | F140: 6544 | G140: 0.152 | H140: 18 | I140: 90.2 | J140: 0.85 | K140: 1 | L140: 3.3 | M140: 758827.64 | N140: 161439.48
A141: STR-1035 | B141: 45748 | C141: South | D141: Residential | E141: 44211.95 | F141: 5465 | G141: 0.187 | H141: 12 | I141: 90 | J141: 2.89 | K141: 0 | L141: 3.6 | M141: 646559.71 | N141: 97981.75
A142: STR-1036 | B142: 45658 | C142: West | D142: High Street | E142: 51430.31 | F142: 6427 | G142: 0.234 | H142: 14 | I142: 88.8 | J142: 0.77 | K142: 0 | L142: 4.1 | M142: 715890.53 | N142: 109032.15
A143: STR-1036 | B143: 45689 | C143: West | D143: High Street | E143: 45706.49 | F143: 6704 | G143: 0.038 | H143: 15 | I143: 94.2 | J143: 2.92 | K143: 0 | L143: 4.2 | M143: 715097.57 | N143: 151875.86
A144: STR-1036 | B144: 45717 | C144: West | D144: High Street | E144: 44034.6 | F144: 5645 | G144: 0.069 | H144: 18 | I144: 88.5 | J144: 3.07 | K144: 0 | L144: 3.8 | M144: 682639.28 | N144: 77557.53
A145: STR-1036 | B145: 45748 | C145: West | D145: High Street | E145: 50198.12 | F145: 6089 | G145: 0.182 | H145: 19 | I145: 94 | J145: 9.7 | K145: 0 | L145: 3.9 | M145: 695098.51 | N145: 108192.75
A146: STR-1037 | B146: 45658 | C146: North | D146: Residential | E146: 70488.2 | F146: 4312 | G146: 0.169 | H146: 12 | I146: 90.2 | J146: 3.71 | K146: 0 | L146: 3.2 | M146: 577732.57 | N146: 93804.27
A147: STR-1037 | B147: 45689 | C147: North | D147: Residential | E147: 50909.27 | F147: 3152 | G147: 0.06 | H147: 13 | I147: 93.7 | J147: 10.79 | K147: 0 | L147: 3.5 | M147: 537058.33 | N147: 93555.71
A148: STR-1037 | B148: 45717 | C148: North | D148: Residential | E148: 53351.7 | F148: 4259 | G148: 0.156 | H148: 15 | I148: 93.7 | J148: 6.03 | K148: 0 | L148: 3.4 | M148: 601568.87 | N148: 91634.82
A149: STR-1037 | B149: 45748 | C149: North | D149: Residential | E149: 60322.4 | F149: 3350 | G149: 0.108 | H149: 12 | I149: 89.4 | J149: 4.92 | K149: 0 | L149: 3.4 | M149: 570964.84 | N149: 81331.07
A150: STR-1038 | B150: 45658 | C150: South | D150: Mall | E150: 51575.68 | F150: 5329 | G150: 0.047 | H150: 17 | I150: 88.1 | J150: 19.78 | K150: 0 | L150: 3.8 | M150: 614024.91 | N150: 84828.93
... A163: STR-1041 | B163: 45689 | C163: South | D163: High Street | E163: 48438.85 | F163: 6992 | G163: 0.034 | H163: 20 | I163: 91 | J163: 4.36 | K163: 0 | L163: 4.2 | M163: 778298.88 | N163: 130076.72
A164: STR-1041 | B164: 45717 | C164: South | D164: High Street | E164: 57143.3 | F164: 8038 | G164: 0.193 | H164: 17 | I164: 72.6 | K164: 0 | L164: 4.2 | M164: 677096.71 | N164: 97174.11
A165: STR-1041 | B165: 45748 | C165: South | D165: High Street | E165: 66870.62 | F165: 6055 | G165: 0.075 | H165: 19 | I165: 93.8 | J165: 0.54 | K165: 0 | L165: 4.3 | M165: 692008.64 | N165: 116337.87
A166: STR-1042 | B166: 45658 | C166: North | D166: Mall | E166: 72150.53 | F166: 9323 | G166: 0.157 | H166: 22 | I166: 82.9 | J166: 11.37 | K166: 1 | L166: 4.3 | M166: 825797.91 | N166: 130945.24
A167: STR-1042 | B167: 45689 | C167: North | D167: Mall | E167: 35303.3 | F167: 8789 | G167: 0.123 | H167: 22 | I167: 86.1 | J167: 9.43 | K167: 0 | L167: 4.2 | M167: 706285.52 | N167: 138014.72
A168: STR-1042 | B168: 45717 | C168: North | D168: Mall | E168: 30301.86 | F168: 6939 | G168: 0.09 | H168: 16 | I168: 90.3 | J168: 3.49 | K168: 0 | L168: 4 | M168: 665534.7 | N168: 113167.73
A169: STR-1042 | B169: 45748 | C169: North | D169: Mall | E169: 78432.14 | F169: 9440 | G169: 0.126 | H169: 23 | I169: 89.2 | J169: 7.86 | K169: 0 | L169: 4.1 | M169: 820729.29 | N169: 159325.47
A170: STR-1043 | B170: 45658 | C170: East | D170: Residential | E170: 62059.18 | F170: 9374 | G170: 0.136 | H170: 25 | I170: 87.1 | J170: 12.55 | K170: 0 | L170: 4.9 | M170: 739831.73 | N170: 119490.21
A171: STR-1043 | B171: 45689 | C171: East | D171: Residential | E171: 32834.48 | F171: 7576 | G171: 0.099 | H171: 15 | I171: 84.1 | J171: 3.48 | K171: 0 | L171: 5 | M171: 593637.14 | N171: 106648.14
A172: STR-1043 | B172: 45717 | C172: East | D172: Residential | E172: 50825.08 | F172: 8949 | G172: 0.157 | H172: 21 | I172: 84.7 | J172: 7.73 | K172: 0 | L172: 4.9 | M172: 769702.76 | N172: 158697
A173: STR-1043 | B173: 45748 | C173: East | D173: Residential | E173: 36606.51 | F173: 7671 | G173: 0.118 | H173: 18 | I173: 89.8 | J173: 0.25 | K173: 0 | L173: 4.4 | M173: 679731.57 | N173: 121546.42
A174: STR-1044 | B174: 45658 | C174: East | D174: Residential | E174: 65237.79 | F174: 8741 | G174: 0.157 | H174: 20 | I174: 94.4 | J174: 6.43 | K174: 0 | L174: 3.3 | M174: 780344.18 | N174: 118239.09
A175: STR-1044 | B175: 45689 | C175: East | D175: Residential | E175: 43645.98 | F175: 9480 | G175: 0.109 | H175: 22 | I175: 89 | J175: 2.11 | K175: 0 | L175: 3.1 | M175: 721364.11 | N175: 147272.81
A176: STR-1044 | B176: 45717 | C176: East | D176: Residential | E176: 68040.15 | F176: 9826 | G176: 0.125 | H176: 20 | I176: 83.9 | J176: 9.12 | K176: 0 | L176: 3.6 | M176: 758138.29 | N176: 132975.26
... A196: STR-1049 | B196: 45717 | C196: West | D196: Residential | E196: 40220.18 | F196: 3783 | G196: 0.089 | H196: 14 | I196: 86.6 | J196: 3.63 | K196: 0 | L196: 3.7 | M196: 559422.02 | N196: 73528.74
...

Sheet cleaned_data_dummy
A3: Row Labels
A4: East
A5: North
A6: South
A7: West
A8: Grand Total
A10: Row Labels
A11: Airport
A12: High Street
A13: Mall
A14: Residential
A15: Grand Total

Sheet cleaned_data
A1: store_id | B1: month | C1: region | D1: store_type | E1: marketing_spend | F1: footfall | G1: avg_discount_pct | H1: staff_count | I1: inventory_availability_pct | J1: competitor_distance_km | K1: holiday_flag | L1: customer_rating | M1: monthly_sales | N1: monthly_profit
A2: STR-1001 | B2: 45658 | C2: East | D2: Residential | E2: 70389.11 | F2: 8302 | G2: 0.042 | H2: 17 | I2: 75 | J2: 5.28 | K2: 1 | L2: 3.1 | M2: 658832.62 | N2: 84349.93
A3: STR-1001 | B3: 45689 | C3: East | D3: Residential | E3: 43827.89 | F3: 8487 | G3: 0.168 | H3: 23 | I3: 84.4 | J3: 4.31 | K3: 0 | L3: 2.8 | M3: 634436 | N3: 106130.54
A4: STR-1001 | B4: 45717 | C4: East | D4: Residential | E4: 59921.75 | F4: 9113 | G4: 0.133 | H4: 20 | I4: 88 | J4: 12 | K4: 0 | L4: 3.2 | M4: 678722.06 | N4: 101883.86
A5: STR-1001 | B5: 45748 | C5: East | D5: Residential | E5: 56856.63 | F5: 9431 | G5: 0.142 | H5: 23 | I5: 86.9 | J5: 4.97 | K5: 0 | L5: 3.4 | M5: 658920.3 | N5: 97910.37
A6: STR-1002 | B6: 45658 | C6: East | D6: High Street | E6: 48412.64 | F6: 9545 | G6: 0.231 | H6: 21 | I6: 97.6 | J6: 6.94 | K6: 1 | L6: 4.2 | M6: 741341.44 | N6: 119208.17
A7: STR-1002 | B7: 45689 | C7: East | D7: High Street | E7: 64811.21 | F7: 9792 | G7: 0.112 | H7: 20 | I7: 84.2 | J7: 2.88 | K7: 0 | L7: 4.2 | M7: 761835.34 | N7: 149602.23
A8: STR-1002 | B8: 45717 | C8: East | D8: High Street | E8: 46213.45 | F8: 10616 | G8: 0.122 | H8: 22 | I8: 85.2 | J8: 0.2 | K8: 1 | L8: 4.1 | M8: 806615.54 | N8: 131364.62
A9: STR-1002 | B9: 45748 | C9: East | D9: High Street | E9: 68148.52 | F9: 8567 | G9: 0.127 | H9: 23 | I9: 95.6 | J9: 0.8 | K9: 0 | L9: 3.9 | M9: 850164.26 | N9: 149262.75
A10: STR-1003 | B10: 45658 | C10: North | D10: Airport | E10: 71838.86 | F10: 10979 | G10: 0.215 | H10: 26 | I10: 88.6 | J10: 7.7 | K10: 1 | L10: 3.8 | M10: 930581.7 | N10: 136207.98
A11: STR-1003 | B11: 45689 | C11: North | D11: Airport | E11: 68133.44 | F11: 9459 | G11: 0.22 | H11: 21 | I11: 85 | J11: 1.91 | K11: 0 | L11: 4.2 | M11: 779010.94 | N11: 106328.09
A12: STR-1003 | B12: 45717 | C12: North | D12: Airport | E12: 34285.21 | F12: 9172 | G12: 0.213 | H12: 22 | I12: 88.3 | J12: 10.46 | K12: 1 | L12: 3.8 | M12: 723060.76 | N12: 123131.24
A13: STR-1003 | B13: 45748 | C13: North | D13: Airport | E13: 67979.88 | F13: 11230 | G13: 0.002 | H13: 28 | I13: 85.3 | J13: 7.16 | K13: 0 | L13: 3.8 | M13: 910791.94 | N13: 158891.28
... A34: STR-1009 | B34: 45658 | C34: North | D34: Residential | E34: 54597.83 | F34: 9429 | G34: 0.188 | H34: 21 | I34: 83.3 | J34: 11.71 | K34: 0 | L34: 4.2 | M34: 641865.03 | N34: 81342.58
A35: STR-1009 | B35: 45689 | C35: North | D35: Residential | E35: 73771.91 | F35: 11695 | G35: 0.07 | H35: 25 | I35: 84.7 | J35: 0.62 | K35: 0 | M35: 799477.76 | N35: 164974.41
A36: STR-1009 | B36: 45717 | C36: North | D36: Residential | E36: 74413.88 | F36: 9449 | G36: 0.039 | H36: 23 | I36: 92.1 | J36: 2.12 | K36: 0 | L36: 3.5 | M36: 798952.17 | N36: 161499.04
A37: STR-1009 | B37: 45748 | C37: North | D37: Residential | E37: 52483.77 | F37: 10453 | G37: 0.247 | H37: 25 | I37: 99 | J37: 6.31 | K37: 0 | L37: 3.6 | M37: 800979.78 | N37: 149242.27
A38: STR-1010 | B38: 45658 | C38: North | D38: Mall | E38: 75269.87 | F38: 8838 | G38: 0.092 | H38: 21 | I38: 83.1 | J38: 9.56 | K38: 1 | L38: 4.2 | M38: 820593.93 | N38: 115860.06
A39: STR-1010 | B39: 45689 | C39: North | D39: Mall | E39: 61245.41 | F39: 8156 | G39: 0.156 | H39: 19 | I39: 92.9 | J39: 9.05 | K39: 0 | L39: 3.8 | M39: 718330.53 | N39: 93247.9
A40: STR-1010 | B40: 45717 | C40: North | D40: Mall | E40: 93381.26 | F40: 7562 | G40: 0.198 | H40: 19 | I40: 82.9 | J40: 5.05 | K40: 0 | L40: 4 | M40: 736633.4 | N40: 115654.66
A41: STR-1010 | B41: 45748 | C41: North | D41: Mall | E41: 65012.19 | F41: 9598 | G41: 0.085 | H41: 24 | I41: 98.3 | J41: 0.89 | K41: 0 | L41: 3.8 | M41: 828623.85 | N41: 167320.52
A42: STR-1011 | B42: 45658 | C42: East | D42: Mall | E42: 40462.94 | F42: 3660 | G42: 0.218 | H42: 11 | I42: 95.2 | J42: 5.57 | K42: 0 | L42: 4.4 | M42: 592195.85 | N42: 92291.56
A43: STR-1011 | B43: 45689 | C43: East | D43: Mall | E43: 46123.88 | F43: 3227 | G43: 0.143 | H43: 10 | I43: 75.4 | J43: 1.06 | K43: 0 | L43: 4.4 | M43: 532644.46 | N43: 60681.32
A44: STR-1011 | B44: 45717 | C44: East | D44: Mall | E44: 68077.54 | F44: 3360 | G44: 0.128 | H44: 14 | I44: 88.2 | J44: 1.24 | K44: 1 | L44: 4 | M44: 657429.18 | N44: 88919.74
A45: STR-1011 | B45: 45748 | C45: East | D45: Mall | E45: 64882.14 | F45: 3642 | G45: 0.019 | H45: 13 | I45: 87.8 | J45: 4.52 | K45: 0 | L45: 4.2 | M45: 605178 | N45: 106958.74
A46: STR-1012 | B46: 45658 | C46: West | D46: Residential | E46: 138855.51 | F46: 5145 | G46: 0.06 | H46: 17 | I46: 88.2 | J46: 9.58 | K46: 0 | L46: 3.2 | M46: 595467.6 | N46: 104276.46
A47: STR-1012 | B47: 45689 | C47: West | D47: Residential | E47: 63630.21 | F47: 4460 | G47: 0.235 | H47: 14 | I47: 98.6 | J47: 5.52 | K47: 0 | L47: 3.5 | M47: 599603.4 | N47: 112685.12
... A72: STR-1018 | B72: 45717 | C72: East | D72: High Street | E72: 60571.82 | F72: 3193 | G72: 0.197 | H72: 7 | I72: 99 | J72: 1.43 | K72: 0 | L72: 3.2 | M72: 605023.87 | N72: 98545.81
A73: STR-1018 | B73: 45748 | C73: East | D73: High Street | E73: 55081.16 | F73: 5485 | G73: 0.036 | H73: 12 | I73: 88 | K73: 0 | L73: 3.5 | M73: 674774.09 | N73: 141917.59
A74: STR-1019 | B74: 45658 | C74: East | D74: Residential | E74: 46201.46 | F74: 5918 | G74: 0.277 | H74: 13 | I74: 78.8 | J74: 4.91 | K74: 0 | L74: 4.5 | M74: 616069.41 | N74: 54453.99
A75: STR-1019 | B75: 45689 | C75: East | D75: Residential | E75: 53762.92 | F75: 6821 | G75: 0.066 | H75: 19 | I75: 94.6 | J75: 7.03 | K75: 0 | L75: 4.4 | M75: 630829.94 | N75: 117090.02
A76: STR-1019 | B76: 45717 | C76: East | D76: Residential | E76: 70144.78 | F76: 6806 | G76: 0.178 | H76: 20 | I76: 93.1 | J76: 0.28 | K76: 1 | L76: 4.3 | M76: 788087.68 | N76: 116803.42
A77: STR-1019 | B77: 45748 | C77: East | D77: Residential | E77: 58749.63 | F77: 8252 | G77: 0.203 | H77: 20 | I77: 85.2 | J77: 3.61 | K77: 0 | L77: 4.5 | M77: 680840.36 | N77: 68007.68
A78: STR-1020 | B78: 45658 | C78: South | D78: High Street | E78: 56973.18 | F78: 6662 | G78: 0.1 | H78: 15 | I78: 77.7 | J78: 7.52 | K78: 1 | L78: 3.2 | M78: 643657.47 | N78: 87022.45
A79: STR-1020 | B79: 45689 | C79: South | D79: High Street | E79: 54872.82 | F79: 5962 | G79: 0.064 | H79: 12 | I79: 85.4 | J79: 2.58 | K79: 0 | L79: 2.9 | M79: 691112.6 | N79: 109212.83
A80: STR-1020 | B80: 45717 | C80: South | D80: High Street | E80: 80562.81 | F80: 7470 | G80: 0.172 | H80: 16 | I80: 83.5 | J80: 2.29 | K80: 0 | L80: 3.3 | M80: 776922.17 | N80: 150701.93
A81: STR-1020 | B81: 45748 | C81: South | D81: High Street | E81: 77999.9 | F81: 5974 | G81: 0.252 | H81: 14 | I81: 81.3 | J81: 2.39 | K81: 0 | L81: 3.2 | M81: 636561.34 | N81: 93861.06
A82: STR-1021 | B82: 45658 | C82: West | D82: Mall | E82: 60881.01 | F82: 5410 | G82: 0.179 | H82: 15 | I82: 83.9 | J82: 5.24 | K82: 0 | L82: 4.6 | M82: 621369.58 | N82: 85493.64
A83: STR-1021 | B83: 45689 | C83: West | D83: Mall | E83: 60628.38 | F83: 4451 | G83: 0.095 | H83: 10 | I83: 89.6 | J83: 3.17 | K83: 0 | L83: 4.6 | M83: 682208.01 | N83: 110318.84
A84: STR-1021 | B84: 45717 | C84: West | D84: Mall | E84: 72731.14 | F84: 4644 | G84: 0.084 | H84: 15 | I84: 87.1 | J84: 2.66 | K84: 0 | L84: 4.6 | M84: 727241.86 | N84: 155810.3
A85: STR-1021 | B85: 45748 | C85: West | D85: Mall | E85: 36475.71 | F85: 3559 | G85: 0.03 | H85: 8 | I85: 83.6 | J85: 1.41 | K85: 0 | L85: 4.2 | M85: 569100.78 | N85: 104808.78
A86: STR-1022 | B86: 45658 | C86: West | D86: High Street | E86: 55388.11 | F86: 3091 | G86: 0.108 | H86: 7 | I86: 85.4 | J86: 7.34 | K86: 0 | L86: 4.9 | M86: 574436.29 | N86: 80271.99
A87: STR-1022 | B87: 45689 | C87: West | D87: High Street | E87: 88443.77 | F87: 4004 | G87: 0.206 | H87: 11 | I87: 91.9 | J87: 5.95 | K87: 0 | M87: 611766.72 | N87: 88275.61
A88: STR-1022 | B88: 45717 | C88: West | D88: High Street | E88: 78231.91 | F88: 3788 | G88: 0.059 | H88: 11 | I88: 88.5 | J88: 15.51 | K88: 0 | L88: 4.3 | M88: 614596.32 | N88: 131199.41
A89: STR-1022 | B89: 45748 | C89: West | D89: High Street | E89: 18996.32 | F89: 1260 | G89: 0.145 | H89: 9 | I89: 86.4 | J89: 4.31 | K89: 0 | L89: 4.6 | M89: 450711.92 | N89: 90043.76
A90: STR-1023 | B90: 45658 | C90: South | D90: Mall | E90: 50517.94 | F90: 7024 | G90: 0.029 | H90: 18 | I90: 79.2 | J90: 6.61 | K90: 1 | L90: 4.1 | M90: 711213.46 | N90: 105863.26
A91: STR-1023 | B91: 45689 | C91: South | D91: Mall | E91: 141540.29 | F91: 5400 | G91: 0.013 | H91: 12 | I91: 87 | J91: 4.26 | K91: 0 | L91: 4.5 | M91: 627171.9 | N91: 105772.75
A92: STR-1023 | B92: 45717 | C92: South | D92: Mall | E92: 82116.19 | F92: 5988 | G92: 0.04 | H92: 17 | I92: 91.8 | J92: 5.75 | K92: 0 | L92: 4.7 | M92: 739852.58 | N92: 129386.43
A93: STR-1023 | B93: 45748 | C93: South | D93: Mall | E93: 31207.51 | F93: 3701 | G93: 0.043 | H93: 11 | I93: 84.7 | J93: 0.33 | K93: 0 | L93: 4.3 | M93: 586307.22 | N93: 73927.85
A94: STR-1024 | B94: 45658 | C94: West | D94: Residential | E94: 38966.59 | F94: 4509 | G94: 0.194 | H94: 14 | I94: 91.1 | J94: 2.92 | K94: 0 | L94: 4.6 | M94: 585937.48 | N94: 82624.2
A95: STR-1024 | B95: 45689 | C95: West | D95: Residential | E95: 67439.3 | F95: 6477 | G95: 0 | H95: 16 | I95: 90.9 | J95: 1.64 | K95: 0 | L95: 4.5 | M95: 753473.55 | N95: 151527.22
A96: STR-1024 | B96: 45717 | C96: West | D96: Residential | E96: 86421.88 | F96: 7970 | G96: 0.073 | H96: 17 | I96: 91.3 | J96: 0.8 | K96: 0 | L96: 5 | M96: 838250.32 | N96: 122939.34
A97: STR-1024 | B97: 45748 | C97: West | D97: Residential | E97: 9534.65 | F97: 6057 | G97: 0.074 | H97: 15 | I97: 94.1 | J97: 5.79 | K97: 0 | L97: 4.5 | M97: 607898.12 | N97: 135404.85
A98: STR-1025 | B98: 45658 | C98: West | D98: Mall | E98: 61132.07 | F98: 6394 | G98: 0.163 | H98: 19 | I98: 91 | J98: 19.6 | K98: 0 | L98: 4.4 | M98: 691113.62 | N98: 135145.44
A99: STR-1025 | B99: 45689 | C99: West | D99: Mall | E99: 78839.39 | F99: 5150 | G99: 0.171 | H99: 13 | I99: 85.8 | J99: 7.57 | K99: 0 | L99: 4.3 | M99: 735509.4 | N99: 83895.96
A100: STR-1025 | B100: 45717 | C100: West | D100: Mall | E100: 38752.8 | F100: 4712 | G100: 0.075 | H100: 15 | I100: 89.7 | K100: 0 | L100: 4.3 | M100: 605775.33 | N100: 107194.6
A101: STR-1025 | B101: 45748 | C101: West | D101: Mall | E101: 55101.1 | F101: 5281 | G101: 0.189 | H101: 11 | I101: 91 | J101: 2.7 | K101: 0 | L101: 4.4 | M101: 675177.68 | N101: 105628.68
A102: STR-1026 | B102: 45658 | C102: East | D102: Mall | E102: 53084.76 | F102: 3642 | G102: 0.15 | H102: 12 | I102: 91.4 | J102: 0.2 | K102: 0 | L102: 4.4 | M102: 635181.35 | N102: 83341.25
A103: STR-1026 | B103: 45689 | C103: East | D103: Mall | E103: 63101.59 | F103: 4373 | G103: 0.173 | H103: 14 | I103: 90.4 | J103: 7.87 | K103: 0 | L103: 4.7 | M103: 586626.94 | N103: 86498.55
A104: STR-1026 | B104: 45717 | C104: East | D104: Mall | E104: 90084.4 | F104: 6832 | G104: 0.185 | H104: 14 | I104: 80.5 | J104: 0.77 | K104: 1 | L104: 4.4 | M104: 740102.64 | N104: 114299.07
A105: STR-1026 | B105: 45748 | C105: East | D105: Mall | E105: 32266.64 | F105: 2414 | G105: 0.08 | H105: 7 | I105: 92.1 | J105: 1.48 | K105: 0 | L105: 5 | M105: 625514.04 | N105: 120685.08
A106: STR-1027 | B106: 45658 | C106: West | D106: High Street | E106: 57919.07 | F106: 7374 | G106: 0.103 | H106: 21 | I106: 82.3 | J106: 2.87 | K106: 0 | L106: 2.9 | M106: 727227.2 | N106: 121292.01
A107: STR-1027 | B107: 45689 | C107: West | D107: High Street | E107: 74679.35 | F107: 8739 | G107: 0.056 | H107: 21 | I107: 91.8 | J107: 2.83 | K107: 0 | L107: 3 | M107: 783797.89 | N107: 157620.7
A108: STR-1027 | B108: 45717 | C108: West | D108: High Street | E108: 64294.23 | F108: 6992 | G108: 0.133 | H108: 14 | I108: 94.1 | J108: 0.25 | K108: 0 | L108: 3 | M108: 795153.84 | N108: 143194.21
A109: STR-1027 | B109: 45748 | C109: West | D109: High Street | E109: 31042.03 | F109: 7107 | G109: 0.051 | H109: 15 | I109: 87 | J109: 13.33 | K109: 0 | L109: 3.2 | M109: 665594.94 | N109: 127597.34
A110: STR-1028 | B110: 45658 | C110: East | D110: Mall | E110: 75265.02 | F110: 6975 | G110: 0.157 | H110: 20 | I110: 73.8 | J110: 6.35 | K110: 1 | L110: 3.8 | M110: 709478.39 | N110: 71294.27
A111: STR-1028 | B111: 45689 | C111: East | D111: Mall | E111: 69411.7 | F111: 5493 | G111: 0.292 | H111: 13 | I111: 86.5 | J111: 6.69 | K111: 0 | L111: 3.8 | M111: 664162.49 | N111: 98291.06
A112: STR-1028 | B112: 45717 | C112: East | D112: Mall | E112: 51056.15 | F112: 5686 | G112: 0.089 | H112: 13 | I112: 89.9 | J112: 1.28 | K112: 0 | L112: 4.2 | M112: 633494.21 | N112: 105739.47
... A134: STR-1034 | B134: 45658 | C134: North | D134: High Street | E134: 70276.28 | F134: 3043 | G134: 0.079 | H134: 9 | I134: 87.9 | J134: 3.77 | K134: 0 | L134: 4.4 | M134: 527300.13 | N134: 84197.87
A135: STR-1034 | B135: 45689 | C135: North | D135: High Street | E135: 22071.64 | F135: 1814 | G135: 0.196 | H135: 8 | I135: 81.1 | J135: 0.78 | K135: 0 | M135: 400831.65 | N135: 70979.31
A136: STR-1034 | B136: 45717 | C136: North | D136: High Street | E136: 52285.45 | F136: 3618 | G136: 0.086 | H136: 11 | I136: 95.6 | J136: 5.17 | K136: 1 | L136: 4.4 | M136: 593247.25 | N136: 81240.29
A137: STR-1034 | B137: 45748 | C137: North | D137: High Street | E137: 70366.76 | F137: 1963 | G137: 0.182 | H137: 8 | I137: 89.8 | J137: 3.2 | K137: 0 | L137: 4.6 | M137: 529075.95 | N137: 95978.83
A138: STR-1035 | B138: 45658 | C138: South | D138: Residential | E138: 71320.66 | F138: 7888 | G138: 0.048 | H138: 20 | I138: 78.1 | J138: 3.4 | K138: 0 | M138: 633638.03 | N138: 99402.01
A139: STR-1035 | B139: 45689 | C139: South | D139: Residential | E139: 75109.67 | F139: 6244 | G139: 0.079 | H139: 15 | I139: 96.3 | J139: 7.38 | K139: 0 | L139: 3.7 | M139: 743348.84 | N139: 104186.09
A140: STR-1035 | B140: 45717 | C140: South | D140: Residential | E140: 69779 | F140: 6544 | G140: 0.152 | H140: 18 | I140: 90.2 | J140: 0.85 | K140: 1 | L140: 3.3 | M140: 758827.64 | N140: 161439.48
A141: STR-1035 | B141: 45748 | C141: South | D141: Residential | E141: 44211.95 | F141: 5465 | G141: 0.187 | H141: 12 | I141: 90 | J141: 2.89 | K141: 0 | L141: 3.6 | M141: 646559.71 | N141: 97981.75
A142: STR-1036 | B142: 45658 | C142: West | D142: High Street | E142: 51430.31 | F142: 6427 | G142: 0.234 | H142: 14 | I142: 88.8 | J142: 0.77 | K142: 0 | L142: 4.1 | M142: 715890.53 | N142: 109032.15
A143: STR-1036 | B143: 45689 | C143: West | D143: High Street | E143: 45706.49 | F143: 6704 | G143: 0.038 | H143: 15 | I143: 94.2 | J143: 2.92 | K143: 0 | L143: 4.2 | M143: 715097.57 | N143: 151875.86
A144: STR-1036 | B144: 45717 | C144: West | D144: High Street | E144: 44034.6 | F144: 5645 | G144: 0.069 | H144: 18 | I144: 88.5 | J144: 3.07 | K144: 0 | L144: 3.8 | M144: 682639.28 | N144: 77557.53
A145: STR-1036 | B145: 45748 | C145: West | D145: High Street | E145: 50198.12 | F145: 6089 | G145: 0.182 | H145: 19 | I145: 94 | J145: 9.7 | K145: 0 | L145: 3.9 | M145: 695098.51 | N145: 108192.75
A146: STR-1037 | B146: 45658 | C146: North | D146: Residential | E146: 70488.2 | F146: 4312 | G146: 0.169 | H146: 12 | I146: 90.2 | J146: 3.71 | K146: 0 | L146: 3.2 | M146: 577732.57 | N146: 93804.27
A147: STR-1037 | B147: 45689 | C147: North | D147: Residential | E147: 50909.27 | F147: 3152 | G147: 0.06 | H147: 13 | I147: 93.7 | J147: 10.79 | K147: 0 | L147: 3.5 | M147: 537058.33 | N147: 93555.71
A148: STR-1037 | B148: 45717 | C148: North | D148: Residential | E148: 53351.7 | F148: 4259 | G148: 0.156 | H148: 15 | I148: 93.7 | J148: 6.03 | K148: 0 | L148: 3.4 | M148: 601568.87 | N148: 91634.82
A149: STR-1037 | B149: 45748 | C149: North | D149: Residential | E149: 60322.4 | F149: 3350 | G149: 0.108 | H149: 12 | I149: 89.4 | J149: 4.92 | K149: 0 | L149: 3.4 | M149: 570964.84 | N149: 81331.07
A150: STR-1038 | B150: 45658 | C150: South | D150: Mall | E150: 51575.68 | F150: 5329 | G150: 0.047 | H150: 17 | I150: 88.1 | J150: 19.78 | K150: 0 | L150: 3.8 | M150: 614024.91 | N150: 84828.93
... A163: STR-1041 | B163: 45689 | C163: South | D163: High Street | E163: 48438.85 | F163: 6992 | G163: 0.034 | H163: 20 | I163: 91 | J163: 4.36 | K163: 0 | L163: 4.2 | M163: 778298.88 | N163: 130076.72
A164: STR-1041 | B164: 45717 | C164: South | D164: High Street | E164: 57143.3 | F164: 8038 | G164: 0.193 | H164: 17 | I164: 72.6 | K164: 0 | L164: 4.2 | M164: 677096.71 | N164: 97174.11
A165: STR-1041 | B165: 45748 | C165: South | D165: High Street | E165: 66870.62 | F165: 6055 | G165: 0.075 | H165: 19 | I165: 93.8 | J165: 0.54 | K165: 0 | L165: 4.3 | M165: 692008.64 | N165: 116337.87
A166: STR-1042 | B166: 45658 | C166: North | D166: Mall | E166: 72150.53 | F166: 9323 | G166: 0.157 | H166: 22 | I166: 82.9 | J166: 11.37 | K166: 1 | L166: 4.3 | M166: 825797.91 | N166: 130945.24
A167: STR-1042 | B167: 45689 | C167: North | D167: Mall | E167: 35303.3 | F167: 8789 | G167: 0.123 | H167: 22 | I167: 86.1 | J167: 9.43 | K167: 0 | L167: 4.2 | M167: 706285.52 | N167: 138014.72
A168: STR-1042 | B168: 45717 | C168: North | D168: Mall | E168: 30301.86 | F168: 6939 | G168: 0.09 | H168: 16 | I168: 90.3 | J168: 3.49 | K168: 0 | L168: 4 | M168: 665534.7 | N168: 113167.73
A169: STR-1042 | B169: 45748 | C169: North | D169: Mall | E169: 78432.14 | F169: 9440 | G169: 0.126 | H169: 23 | I169: 89.2 | J169: 7.86 | K169: 0 | L169: 4.1 | M169: 820729.29 | N169: 159325.47
A170: STR-1043 | B170: 45658 | C170: East | D170: Residential | E170: 62059.18 | F170: 9374 | G170: 0.136 | H170: 25 | I170: 87.1 | J170: 12.55 | K170: 0 | L170: 4.9 | M170: 739831.73 | N170: 119490.21
A171: STR-1043 | B171: 45689 | C171: East | D171: Residential | E171: 32834.48 | F171: 7576 | G171: 0.099 | H171: 15 | I171: 84.1 | J171: 3.48 | K171: 0 | L171: 5 | M171: 593637.14 | N171: 106648.14
A172: STR-1043 | B172: 45717 | C172: East | D172: Residential | E172: 50825.08 | F172: 8949 | G172: 0.157 | H172: 21 | I172: 84.7 | J172: 7.73 | K172: 0 | L172: 4.9 | M172: 769702.76 | N172: 158697
A173: STR-1043 | B173: 45748 | C173: East | D173: Residential | E173: 36606.51 | F173: 7671 | G173: 0.118 | H173: 18 | I173: 89.8 | J173: 0.25 | K173: 0 | L173: 4.4 | M173: 679731.57 | N173: 121546.42
A174: STR-1044 | B174: 45658 | C174: East | D174: Residential | E174: 65237.79 | F174: 8741 | G174: 0.157 | H174: 20 | I174: 94.4 | J174: 6.43 | K174: 0 | L174: 3.3 | M174: 780344.18 | N174: 118239.09
A175: STR-1044 | B175: 45689 | C175: East | D175: Residential | E175: 43645.98 | F175: 9480 | G175: 0.109 | H175: 22 | I175: 89 | J175: 2.11 | K175: 0 | L175: 3.1 | M175: 721364.11 | N175: 147272.81
A176: STR-1044 | B176: 45717 | C176: East | D176: Residential | E176: 68040.15 | F176: 9826 | G176: 0.125 | H176: 20 | I176: 83.9 | J176: 9.12 | K176: 0 | L176: 3.6 | M176: 758138.29 | N176: 132975.26
... A196: STR-1049 | B196: 45717 | C196: West | D196: Residential | E196: 40220.18 | F196: 3783 | G196: 0.089 | H196: 14 | I196: 86.6 | J196: 3.63 | K196: 0 | L196: 3.7 | M196: 559422.02 | N196: 73528.74
...

Sheet Dummy_Variables
A1: store_id | B1: month | C1: region | D1: store_type | E1: marketing_spend | F1: footfall | G1: avg_discount_pct | H1: inventory_availability_pct | I1: Region_North | J1: staff_count | K1: inventory_availability_pct | L1: competitor_distance_km | M1: holiday_flag | N1: customer_rating | O1: monthly_sales | P1: monthly_profit | Q1: Region_East | R1: Region_South | S1: Store_Airport | T1: Store_HighStreet | U1: Store_Mall
A2: STR-1001 | B2: 45658 | C2: East | D2: Residential | E2: 70389.11 | F2: 8302 | G2: 0.042 | H2: 75 | I2: =IF(C2="North",1,0) -> 0 | J2: 17 | K2: 75 | L2: 5.28 | M2: 1 | N2: 3.1 | O2: 658832.62 | P2: 84349.93 | Q2: =IF(C2="East",1,0) -> 1 | R2: =IF(C2="South",1,0) -> 0 | S2: =IF(D2="Airport",1,0) -> 0 | T2: =IF(D2="High Street",1,0) -> 0 | U2: =IF(D2="Mall",1,0) -> 0
A3: STR-1001 | B3: 45689 | C3: East | D3: Residential | E3: 43827.89 | F3: 8487 | G3: 0.168 | H3: 84.4 | I3: =IF(C3="North",1,0) -> 0 | J3: 23 | K3: 84.4 | L3: 4.31 | M3: 0 | N3: 2.8 | O3: 634436 | P3: 106130.54 | Q3: =IF(C3="East",1,0) -> 1 | R3: =IF(C3="South",1,0) -> 0 | S3: =IF(D3="Airport",1,0) -> 0 | T3: =IF(D3="High Street",1,0) -> 0 | U3: =IF(D3="Mall",1,0) -> 0
A4: STR-1001 | B4: 45717 | C4: East | D4: Residential | E4: 59921.75 | F4: 9113 | G4: 0.133 | H4: 88 | I4: =IF(C4="North",1,0) -> 0 | J4: 20 | K4: 88 | L4: 12 | M4: 0 | N4: 3.2 | O4: 678722.06 | P4: 101883.86 | Q4: =IF(C4="East",1,0) -> 1 | R4: =IF(C4="South",1,0) -> 0 | S4: =IF(D4="Airport",1,0) -> 0 | T4: =IF(D4="High Street",1,0) -> 0 | U4: =IF(D4="Mall",1,0) -> 0
A5: STR-1001 | B5: 45748 | C5: East | D5: Residential | E5: 56856.63 | F5: 9431 | G5: 0.142 | H5: 86.9 | I5: =IF(C5="North",1,0) -> 0 | J5: 23 | K5: 86.9 | L5: 4.97 | M5: 0 | N5: 3.4 | O5: 658920.3 | P5: 97910.37 | Q5: =IF(C5="East",1,0) -> 1 | R5: =IF(C5="South",1,0) -> 0 | S5: =IF(D5="Airport",1,0) -> 0 | T5: =IF(D5="High Street",1,0) -> 0 | U5: =IF(D5="Mall",1,0) -> 0
A6: STR-1002 | B6: 45658 | C6: East | D6: High Street | E6: 48412.64 | F6: 9545 | G6: 0.231 | H6: 97.6 | I6: =IF(C6="North",1,0) -> 0 | J6: 21 | K6: 97.6 | L6: 6.94 | M6: 1 | N6: 4.2 | O6: 741341.44 | P6: 119208.17 | Q6: =IF(C6="East",1,0) -> 1 | R6: =IF(C6="South",1,0) -> 0 | S6: =IF(D6="Airport",1,0) -> 0 | T6: =IF(D6="High Street",1,0) -> 1 | U6: =IF(D6="Mall",1,0) -> 0
A7: STR-1002 | B7: 45689 | C7: East | D7: High Street | E7: 64811.21 | F7: 9792 | G7: 0.112 | H7: 84.2 | I7: =IF(C7="North",1,0) -> 0 | J7: 20 | K7: 84.2 | L7: 2.88 | M7: 0 | N7: 4.2 | O7: 761835.34 | P7: 149602.23 | Q7: =IF(C7="East",1,0) -> 1 | R7: =IF(C7="South",1,0) -> 0 | S7: =IF(D7="Airport",1,0) -> 0 | T7: =IF(D7="High Street",1,0) -> 1 | U7: =IF(D7="Mall",1,0) -> 0
A8: STR-1002 | B8: 45717 | C8: East | D8: High Street | E8: 46213.45 | F8: 10616 | G8: 0.122 | H8: 85.2 | I8: =IF(C8="North",1,0) -> 0 | J8: 22 | K8: 85.2 | L8: 0.2 | M8: 1 | N8: 4.1 | O8: 806615.54 | P8: 131364.62 | Q8: =IF(C8="East",1,0) -> 1 | R8: =IF(C8="South",1,0) -> 0 | S8: =IF(D8="Airport",1,0) -> 0 | T8: =IF(D8="High Street",1,0) -> 1 | U8: =IF(D8="Mall",1,0) -> 0
A9: STR-1002 | B9: 45748 | C9: East | D9: High Street | E9: 68148.52 | F9: 8567 | G9: 0.127 | H9: 95.6 | I9: =IF(C9="North",1,0) -> 0 | J9: 23 | K9: 95.6 | L9: 0.8 | M9: 0 | N9: 3.9 | O9: 850164.26 | P9: 149262.75 | Q9: =IF(C9="East",1,0) -> 1 | R9: =IF(C9="South",1,0) -> 0 | S9: =IF(D9="Airport",1,0) -> 0 | T9: =IF(D9="High Street",1,0) -> 1 | U9: =IF(D9="Mall",1,0) -> 0
A10: STR-1003 | B10: 45658 | C10: North | D10: Airport | E10: 71838.86 | F10: 10979 | G10: 0.215 | H10: 88.6 | I10: =IF(C10="North",1,0) -> 1 | J10: 26 | K10: 88.6 | L10: 7.7 | M10: 1 | N10: 3.8 | O10: 930581.7 | P10: 136207.98 | Q10: =IF(C10="East",1,0) -> 0 | R10: =IF(C10="South",1,0) -> 0 | S10: =IF(D10="Airport",1,0) -> 1 | T10: =IF(D10="High Street",1,0) -> 0 | U10: =IF(D10="Mall",1,0) -> 0
A11: STR-1003 | B11: 45689 | C11: North | D11: Airport | E11: 68133.44 | F11: 9459 | G11: 0.22 | H11: 85 | I11: =IF(C11="North",1,0) -> 1 | J11: 21 | K11: 85 | L11: 1.91 | M11: 0 | N11: 4.2 | O11: 779010.94 | P11: 106328.09 | Q11: =IF(C11="East",1,0) -> 0 | R11: =IF(C11="South",1,0) -> 0 | S11: =IF(D11="Airport",1,0) -> 1 | T11: =IF(D11="High Street",1,0) -> 0 | U11: =IF(D11="Mall",1,0) -> 0
A12: STR-1003 | B12: 45717 | C12: North | D12: Airport | E12: 34285.21 | F12: 9172 | G12: 0.213 | H12: 88.3 | I12: =IF(C12="North",1,0) -> 1 | J12: 22 | K12: 88.3 | L12: 10.46 | M12: 1 | N12: 3.8 | O12: 723060.76 | P12: 123131.24 | Q12: =IF(C12="East",1,0) -> 0 | R12: =IF(C12="South",1,0) -> 0 | S12: =IF(D12="Airport",1,0) -> 1 | T12: =IF(D12="High Street",1,0) -> 0 | U12: =IF(D12="Mall",1,0) -> 0
A13: STR-1003 | B13: 45748 | C13: North | D13: Airport | E13: 67979.88 | F13: 11230 | G13: 0.002 | H13: 85.3 | I13: =IF(C13="North",1,0) -> 1 | J13: 28 | K13: 85.3 | L13: 7.16 | M13: 0 | N13: 3.8 | O13: 910791.94 | P13: 158891.28 | Q13: =IF(C13="East",1,0) -> 0 | R13: =IF(C13="South",1,0) -> 0 | S13: =IF(D13="Airport",1,0) -> 1 | T13: =IF(D13="High Street",1,0) -> 0 | U13: =IF(D13="Mall",1,0) -> 0
... A34: STR-1009 | B34: 45658 | C34: North | D34: Residential | E34: 54597.83 | F34: 9429 | G34: 0.188 | H34: 83.3 | I34: =IF(C34="North",1,0) -> 1 | J34: 21 | K34: 83.3 | L34: 11.71 | M34: 0 | N34: 4.2 | O34: 641865.03 | P34: 81342.58 | Q34: =IF(C34="East",1,0) -> 0 | R34: =IF(C34="South",1,0) -> 0 | S34: =IF(D34="Airport",1,0) -> 0 | T34: =IF(D34="High Street",1,0) -> 0 | U34: =IF(D34="Mall",1,0) -> 0
A35: STR-1009 | B35: 45689 | C35: North | D35: Residential | E35: 73771.91 | F35: 11695 | G35: 0.07 | H35: 84.7 | I35: =IF(C35="North",1,0) -> 1 | J35: 25 | K35: 84.7 | L35: 0.62 | M35: 0 | O35: 799477.76 | P35: 164974.41 | Q35: =IF(C35="East",1,0) -> 0 | R35: =IF(C35="South",1,0) -> 0 | S35: =IF(D35="Airport",1,0) -> 0 | T35: =IF(D35="High Street",1,0) -> 0 | U35: =IF(D35="Mall",1,0) -> 0
A36: STR-1009 | B36: 45717 | C36: North | D36: Residential | E36: 74413.88 | F36: 9449 | G36: 0.039 | H36: 92.1 | I36: =IF(C36="North",1,0) -> 1 | J36: 23 | K36: 92.1 | L36: 2.12 | M36: 0 | N36: 3.5 | O36: 798952.17 | P36: 161499.04 | Q36: =IF(C36="East",1,0) -> 0 | R36: =IF(C36="South",1,0) -> 0 | S36: =IF(D36="Airport",1,0) -> 0 | T36: =IF(D36="High Street",1,0) -> 0 | U36: =IF(D36="Mall",1,0) -> 0
A37: STR-1009 | B37: 45748 | C37: North | D37: Residential | E37: 52483.77 | F37: 10453 | G37: 0.247 | H37: 99 | I37: =IF(C37="North",1,0) -> 1 | J37: 25 | K37: 99 | L37: 6.31 | M37: 0 | N37: 3.6 | O37: 800979.78 | P37: 149242.27 | Q37: =IF(C37="East",1,0) -> 0 | R37: =IF(C37="South",1,0) -> 0 | S37: =IF(D37="Airport",1,0) -> 0 | T37: =IF(D37="High Street",1,0) -> 0 | U37: =IF(D37="Mall",1,0) -> 0
A38: STR-1010 | B38: 45658 | C38: North | D38: Mall | E38: 75269.87 | F38: 8838 | G38: 0.092 | H38: 83.1 | I38: =IF(C38="North",1,0) -> 1 | J38: 21 | K38: 83.1 | L38: 9.56 | M38: 1 | N38: 4.2 | O38: 820593.93 | P38: 115860.06 | Q38: =IF(C38="East",1,0) -> 0 | R38: =IF(C38="South",1,0) -> 0 | S38: =IF(D38="Airport",1,0) -> 0 | T38: =IF(D38="High Street",1,0) -> 0 | U38: =IF(D38="Mall",1,0) -> 1
A39: STR-1010 | B39: 45689 | C39: North | D39: Mall | E39: 61245.41 | F39: 8156 | G39: 0.156 | H39: 92.9 | I39: =IF(C39="North",1,0) -> 1 | J39: 19 | K39: 92.9 | L39: 9.05 | M39: 0 | N39: 3.8 | O39: 718330.53 | P39: 93247.9 | Q39: =IF(C39="East",1,0) -> 0 | R39: =IF(C39="South",1,0) -> 0 | S39: =IF(D39="Airport",1,0) -> 0 | T39: =IF(D39="High Street",1,0) -> 0 | U39: =IF(D39="Mall",1,0) -> 1
A40: STR-1010 | B40: 45717 | C40: North | D40: Mall | E40: 93381.26 | F40: 7562 | G40: 0.198 | H40: 82.9 | I40: =IF(C40="North",1,0) -> 1 | J40: 19 | K40: 82.9 | L40: 5.05 | M40: 0 | N40: 4 | O40: 736633.4 | P40: 115654.66 | Q40: =IF(C40="East",1,0) -> 0 | R40: =IF(C40="South",1,0) -> 0 | S40: =IF(D40="Airport",1,0) -> 0 | T40: =IF(D40="High Street",1,0) -> 0 | U40: =IF(D40="Mall",1,0) -> 1
A41: STR-1010 | B41: 45748 | C41: North | D41: Mall | E41: 65012.19 | F41: 9598 | G41: 0.085 | H41: 98.3 | I41: =IF(C41="North",1,0) -> 1 | J41: 24 | K41: 98.3 | L41: 0.89 | M41: 0 | N41: 3.8 | O41: 828623.85 | P41: 167320.52 | Q41: =IF(C41="East",1,0) -> 0 | R41: =IF(C41="South",1,0) -> 0 | S41: =IF(D41="Airport",1,0) -> 0 | T41: =IF(D41="High Street",1,0) -> 0 | U41: =IF(D41="Mall",1,0) -> 1
A42: STR-1011 | B42: 45658 | C42: East | D42: Mall | E42: 40462.94 | F42: 3660 | G42: 0.218 | H42: 95.2 | I42: =IF(C42="North",1,0) -> 0 | J42: 11 | K42: 95.2 | L42: 5.57 | M42: 0 | N42: 4.4 | O42: 592195.85 | P42: 92291.56 | Q42: =IF(C42="East",1,0) -> 1 | R42: =IF(C42="South",1,0) -> 0 | S42: =IF(D42="Airport",1,0) -> 0 | T42: =IF(D42="High Street",1,0) -> 0 | U42: =IF(D42="Mall",1,0) -> 1
A43: STR-1011 | B43: 45689 | C43: East | D43: Mall | E43: 46123.88 | F43: 3227 | G43: 0.143 | H43: 75.4 | I43: =IF(C43="North",1,0) -> 0 | J43: 10 | K43: 75.4 | L43: 1.06 | M43: 0 | N43: 4.4 | O43: 532644.46 | P43: 60681.32 | Q43: =IF(C43="East",1,0) -> 1 | R43: =IF(C43="South",1,0) -> 0 | S43: =IF(D43="Airport",1,0) -> 0 | T43: =IF(D43="High Street",1,0) -> 0 | U43: =IF(D43="Mall",1,0) -> 1
A44: STR-1011 | B44: 45717 | C44: East | D44: Mall | E44: 68077.54 | F44: 3360 | G44: 0.128 | H44: 88.2 | I44: =IF(C44="North",1,0) -> 0 | J44: 14 | K44: 88.2 | L44: 1.24 | M44: 1 | N44: 4 | O44: 657429.18 | P44: 88919.74 | Q44: =IF(C44="East",1,0) -> 1 | R44: =IF(C44="South",1,0) -> 0 | S44: =IF(D44="Airport",1,0) -> 0 | T44: =IF(D44="High Street",1,0) -> 0 | U44: =IF(D44="Mall",1,0) -> 1
A45: STR-1011 | B45: 45748 | C45: East | D45: Mall | E45: 64882.14 | F45: 3642 | G45: 0.019 | H45: 87.8 | I45: =IF(C45="North",1,0) -> 0 | J45: 13 | K45: 87.8 | L45: 4.52 | M45: 0 | N45: 4.2 | O45: 605178 | P45: 106958.74 | Q45: =IF(C45="East",1,0) -> 1 | R45: =IF(C45="South",1,0) -> 0 | S45: =IF(D45="Airport",1,0) -> 0 | T45: =IF(D45="High Street",1,0) -> 0 | U45: =IF(D45="Mall",1,0) -> 1
A46: STR-1012 | B46: 45658 | C46: West | D46: Residential | E46: 138855.51 | F46: 5145 | G46: 0.06 | H46: 88.2 | I46: =IF(C46="North",1,0) -> 0 | J46: 17 | K46: 88.2 | L46: 9.58 | M46: 0 | N46: 3.2 | O46: 595467.6 | P46: 104276.46 | Q46: =IF(C46="East",1,0) -> 0 | R46: =IF(C46="South",1,0) -> 0 | S46: =IF(D46="Airport",1,0) -> 0 | T46: =IF(D46="High Street",1,0) -> 0 | U46: =IF(D46="Mall",1,0) -> 0
A47: STR-1012 | B47: 45689 | C47: West | D47: Residential | E47: 63630.21 | F47: 4460 | G47: 0.235 | H47: 98.6 | I47: =IF(C47="North",1,0) -> 0 | J47: 14 | K47: 98.6 | L47: 5.52 | M47: 0 | N47: 3.5 | O47: 599603.4 | P47: 112685.12 | Q47: =IF(C47="East",1,0) -> 0 | R47: =IF(C47="South",1,0) -> 0 | S47: =IF(D47="Airport",1,0) -> 0 | T47: =IF(D47="High Street",1,0) -> 0 | U47: =IF(D47="Mall",1,0) -> 0
... A72: STR-1018 | B72: 45717 | C72: East | D72: High Street | E72: 60571.82 | F72: 3193 | G72: 0.197 | H72: 99 | I72: =IF(C72="North",1,0) -> 0 | J72: 7 | K72: 99 | L72: 1.43 | M72: 0 | N72: 3.2 | O72: 605023.87 | P72: 98545.81 | Q72: =IF(C72="East",1,0) -> 1 | R72: =IF(C72="South",1,0) -> 0 | S72: =IF(D72="Airport",1,0) -> 0 | T72: =IF(D72="High Street",1,0) -> 1 | U72: =IF(D72="Mall",1,0) -> 0
A73: STR-1018 | B73: 45748 | C73: East | D73: High Street | E73: 55081.16 | F73: 5485 | G73: 0.036 | H73: 88 | I73: =IF(C73="North",1,0) -> 0 | J73: 12 | K73: 88 | M73: 0 | N73: 3.5 | O73: 674774.09 | P73: 141917.59 | Q73: =IF(C73="East",1,0) -> 1 | R73: =IF(C73="South",1,0) -> 0 | S73: =IF(D73="Airport",1,0) -> 0 | T73: =IF(D73="High Street",1,0) -> 1 | U73: =IF(D73="Mall",1,0) -> 0
A74: STR-1019 | B74: 45658 | C74: East | D74: Residential | E74: 46201.46 | F74: 5918 | G74: 0.277 | H74: 78.8 | I74: =IF(C74="North",1,0) -> 0 | J74: 13 | K74: 78.8 | L74: 4.91 | M74: 0 | N74: 4.5 | O74: 616069.41 | P74: 54453.99 | Q74: =IF(C74="East",1,0) -> 1 | R74: =IF(C74="South",1,0) -> 0 | S74: =IF(D74="Airport",1,0) -> 0 | T74: =IF(D74="High Street",1,0) -> 0 | U74: =IF(D74="Mall",1,0) -> 0
A75: STR-1019 | B75: 45689 | C75: East | D75: Residential | E75: 53762.92 | F75: 6821 | G75: 0.066 | H75: 94.6 | I75: =IF(C75="North",1,0) -> 0 | J75: 19 | K75: 94.6 | L75: 7.03 | M75: 0 | N75: 4.4 | O75: 630829.94 | P75: 117090.02 | Q75: =IF(C75="East",1,0) -> 1 | R75: =IF(C75="South",1,0) -> 0 | S75: =IF(D75="Airport",1,0) -> 0 | T75: =IF(D75="High Street",1,0) -> 0 | U75: =IF(D75="Mall",1,0) -> 0
A76: STR-1019 | B76: 45717 | C76: East | D76: Residential | E76: 70144.78 | F76: 6806 | G76: 0.178 | H76: 93.1 | I76: =IF(C76="North",1,0) -> 0 | J76: 20 | K76: 93.1 | L76: 0.28 | M76: 1 | N76: 4.3 | O76: 788087.68 | P76: 116803.42 | Q76: =IF(C76="East",1,0) -> 1 | R76: =IF(C76="South",1,0) -> 0 | S76: =IF(D76="Airport",1,0) -> 0 | T76: =IF(D76="High Street",1,0) -> 0 | U76: =IF(D76="Mall",1,0) -> 0
A77: STR-1019 | B77: 45748 | C77: East | D77: Residential | E77: 58749.63 | F77: 8252 | G77: 0.203 | H77: 85.2 | I77: =IF(C77="North",1,0) -> 0 | J77: 20 | K77: 85.2 | L77: 3.61 | M77: 0 | N77: 4.5 | O77: 680840.36 | P77: 68007.68 | Q77: =IF(C77="East",1,0) -> 1 | R77: =IF(C77="South",1,0) -> 0 | S77: =IF(D77="Airport",1,0) -> 0 | T77: =IF(D77="High Street",1,0) -> 0 | U77: =IF(D77="Mall",1,0) -> 0
A78: STR-1020 | B78: 45658 | C78: South | D78: High Street | E78: 56973.18 | F78: 6662 | G78: 0.1 | H78: 77.7 | I78: =IF(C78="North",1,0) -> 0 | J78: 15 | K78: 77.7 | L78: 7.52 | M78: 1 | N78: 3.2 | O78: 643657.47 | P78: 87022.45 | Q78: =IF(C78="East",1,0) -> 0 | R78: =IF(C78="South",1,0) -> 1 | S78: =IF(D78="Airport",1,0) -> 0 | T78: =IF(D78="High Street",1,0) -> 1 | U78: =IF(D78="Mall",1,0) -> 0
A79: STR-1020 | B79: 45689 | C79: South | D79: High Street | E79: 54872.82 | F79: 5962 | G79: 0.064 | H79: 85.4 | I79: =IF(C79="North",1,0) -> 0 | J79: 12 | K79: 85.4 | L79: 2.58 | M79: 0 | N79: 2.9 | O79: 691112.6 | P79: 109212.83 | Q79: =IF(C79="East",1,0) -> 0 | R79: =IF(C79="South",1,0) -> 1 | S79: =IF(D79="Airport",1,0) -> 0 | T79: =IF(D79="High Street",1,0) -> 1 | U79: =IF(D79="Mall",1,0) -> 0
A80: STR-1020 | B80: 45717 | C80: South | D80: High Street | E80: 80562.81 | F80: 7470 | G80: 0.172 | H80: 83.5 | I80: =IF(C80="North",1,0) -> 0 | J80: 16 | K80: 83.5 | L80: 2.29 | M80: 0 | N80: 3.3 | O80: 776922.17 | P80: 150701.93 | Q80: =IF(C80="East",1,0) -> 0 | R80: =IF(C80="South",1,0) -> 1 | S80: =IF(D80="Airport",1,0) -> 0 | T80: =IF(D80="High Street",1,0) -> 1 | U80: =IF(D80="Mall",1,0) -> 0
A81: STR-1020 | B81: 45748 | C81: South | D81: High Street | E81: 77999.9 | F81: 5974 | G81: 0.252 | H81: 81.3 | I81: =IF(C81="North",1,0) -> 0 | J81: 14 | K81: 81.3 | L81: 2.39 | M81: 0 | N81: 3.2 | O81: 636561.34 | P81: 93861.06 | Q81: =IF(C81="East",1,0) -> 0 | R81: =IF(C81="South",1,0) -> 1 | S81: =IF(D81="Airport",1,0) -> 0 | T81: =IF(D81="High Street",1,0) -> 1 | U81: =IF(D81="Mall",1,0) -> 0
A82: STR-1021 | B82: 45658 | C82: West | D82: Mall | E82: 60881.01 | F82: 5410 | G82: 0.179 | H82: 83.9 | I82: =IF(C82="North",1,0) -> 0 | J82: 15 | K82: 83.9 | L82: 5.24 | M82: 0 | N82: 4.6 | O82: 621369.58 | P82: 85493.64 | Q82: =IF(C82="East",1,0) -> 0 | R82: =IF(C82="South",1,0) -> 0 | S82: =IF(D82="Airport",1,0) -> 0 | T82: =IF(D82="High Street",1,0) -> 0 | U82: =IF(D82="Mall",1,0) -> 1
A83: STR-1021 | B83: 45689 | C83: West | D83: Mall | E83: 60628.38 | F83: 4451 | G83: 0.095 | H83: 89.6 | I83: =IF(C83="North",1,0) -> 0 | J83: 10 | K83: 89.6 | L83: 3.17 | M83: 0 | N83: 4.6 | O83: 682208.01 | P83: 110318.84 | Q83: =IF(C83="East",1,0) -> 0 | R83: =IF(C83="South",1,0) -> 0 | S83: =IF(D83="Airport",1,0) -> 0 | T83: =IF(D83="High Street",1,0) -> 0 | U83: =IF(D83="Mall",1,0) -> 1
A84: STR-1021 | B84: 45717 | C84: West | D84: Mall | E84: 72731.14 | F84: 4644 | G84: 0.084 | H84: 87.1 | I84: =IF(C84="North",1,0) -> 0 | J84: 15 | K84: 87.1 | L84: 2.66 | M84: 0 | N84: 4.6 | O84: 727241.86 | P84: 155810.3 | Q84: =IF(C84="East",1,0) -> 0 | R84: =IF(C84="South",1,0) -> 0 | S84: =IF(D84="Airport",1,0) -> 0 | T84: =IF(D84="High Street",1,0) -> 0 | U84: =IF(D84="Mall",1,0) -> 1
A85: STR-1021 | B85: 45748 | C85: West | D85: Mall | E85: 36475.71 | F85: 3559 | G85: 0.03 | H85: 83.6 | I85: =IF(C85="North",1,0) -> 0 | J85: 8 | K85: 83.6 | L85: 1.41 | M85: 0 | N85: 4.2 | O85: 569100.78 | P85: 104808.78 | Q85: =IF(C85="East",1,0) -> 0 | R85: =IF(C85="South",1,0) -> 0 | S85: =IF(D85="Airport",1,0) -> 0 | T85: =IF(D85="High Street",1,0) -> 0 | U85: =IF(D85="Mall",1,0) -> 1
A86: STR-1022 | B86: 45658 | C86: West | D86: High Street | E86: 55388.11 | F86: 3091 | G86: 0.108 | H86: 85.4 | I86: =IF(C86="North",1,0) -> 0 | J86: 7 | K86: 85.4 | L86: 7.34 | M86: 0 | N86: 4.9 | O86: 574436.29 | P86: 80271.99 | Q86: =IF(C86="East",1,0) -> 0 | R86: =IF(C86="South",1,0) -> 0 | S86: =IF(D86="Airport",1,0) -> 0 | T86: =IF(D86="High Street",1,0) -> 1 | U86: =IF(D86="Mall",1,0) -> 0
A87: STR-1022 | B87: 45689 | C87: West | D87: High Street | E87: 88443.77 | F87: 4004 | G87: 0.206 | H87: 91.9 | I87: =IF(C87="North",1,0) -> 0 | J87: 11 | K87: 91.9 | L87: 5.95 | M87: 0 | O87: 611766.72 | P87: 88275.61 | Q87: =IF(C87="East",1,0) -> 0 | R87: =IF(C87="South",1,0) -> 0 | S87: =IF(D87="Airport",1,0) -> 0 | T87: =IF(D87="High Street",1,0) -> 1 | U87: =IF(D87="Mall",1,0) -> 0
A88: STR-1022 | B88: 45717 | C88: West | D88: High Street | E88: 78231.91 | F88: 3788 | G88: 0.059 | H88: 88.5 | I88: =IF(C88="North",1,0) -> 0 | J88: 11 | K88: 88.5 | L88: 15.51 | M88: 0 | N88: 4.3 | O88: 614596.32 | P88: 131199.41 | Q88: =IF(C88="East",1,0) -> 0 | R88: =IF(C88="South",1,0) -> 0 | S88: =IF(D88="Airport",1,0) -> 0 | T88: =IF(D88="High Street",1,0) -> 1 | U88: =IF(D88="Mall",1,0) -> 0
A89: STR-1022 | B89: 45748 | C89: West | D89: High Street | E89: 18996.32 | F89: 1260 | G89: 0.145 | H89: 86.4 | I89: =IF(C89="North",1,0) -> 0 | J89: 9 | K89: 86.4 | L89: 4.31 | M89: 0 | N89: 4.6 | O89: 450711.92 | P89: 90043.76 | Q89: =IF(C89="East",1,0) -> 0 | R89: =IF(C89="South",1,0) -> 0 | S89: =IF(D89="Airport",1,0) -> 0 | T89: =IF(D89="High Street",1,0) -> 1 | U89: =IF(D89="Mall",1,0) -> 0
A90: STR-1023 | B90: 45658 | C90: South | D90: Mall | E90: 50517.94 | F90: 7024 | G90: 0.029 | H90: 79.2 | I90: =IF(C90="North",1,0) -> 0 | J90: 18 | K90: 79.2 | L90: 6.61 | M90: 1 | N90: 4.1 | O90: 711213.46 | P90: 105863.26 | Q90: =IF(C90="East",1,0) -> 0 | R90: =IF(C90="South",1,0) -> 1 | S90: =IF(D90="Airport",1,0) -> 0 | T90: =IF(D90="High Street",1,0) -> 0 | U90: =IF(D90="Mall",1,0) -> 1
A91: STR-1023 | B91: 45689 | C91: South | D91: Mall | E91: 141540.29 | F91: 5400 | G91: 0.013 | H91: 87 | I91: =IF(C91="North",1,0) -> 0 | J91: 12 | K91: 87 | L91: 4.26 | M91: 0 | N91: 4.5 | O91: 627171.9 | P91: 105772.75 | Q91: =IF(C91="East",1,0) -> 0 | R91: =IF(C91="South",1,0) -> 1 | S91: =IF(D91="Airport",1,0) -> 0 | T91: =IF(D91="High Street",1,0) -> 0 | U91: =IF(D91="Mall",1,0) -> 1
A92: STR-1023 | B92: 45717 | C92: South | D92: Mall | E92: 82116.19 | F92: 5988 | G92: 0.04 | H92: 91.8 | I92: =IF(C92="North",1,0) -> 0 | J92: 17 | K92: 91.8 | L92: 5.75 | M92: 0 | N92: 4.7 | O92: 739852.58 | P92: 129386.43 | Q92: =IF(C92="East",1,0) -> 0 | R92: =IF(C92="South",1,0) -> 1 | S92: =IF(D92="Airport",1,0) -> 0 | T92: =IF(D92="High Street",1,0) -> 0 | U92: =IF(D92="Mall",1,0) -> 1
A93: STR-1023 | B93: 45748 | C93: South | D93: Mall | E93: 31207.51 | F93: 3701 | G93: 0.043 | H93: 84.7 | I93: =IF(C93="North",1,0) -> 0 | J93: 11 | K93: 84.7 | L93: 0.33 | M93: 0 | N93: 4.3 | O93: 586307.22 | P93: 73927.85 | Q93: =IF(C93="East",1,0) -> 0 | R93: =IF(C93="South",1,0) -> 1 | S93: =IF(D93="Airport",1,0) -> 0 | T93: =IF(D93="High Street",1,0) -> 0 | U93: =IF(D93="Mall",1,0) -> 1
A94: STR-1024 | B94: 45658 | C94: West | D94: Residential | E94: 38966.59 | F94: 4509 | G94: 0.194 | H94: 91.1 | I94: =IF(C94="North",1,0) -> 0 | J94: 14 | K94: 91.1 | L94: 2.92 | M94: 0 | N94: 4.6 | O94: 585937.48 | P94: 82624.2 | Q94: =IF(C94="East",1,0) -> 0 | R94: =IF(C94="South",1,0) -> 0 | S94: =IF(D94="Airport",1,0) -> 0 | T94: =IF(D94="High Street",1,0) -> 0 | U94: =IF(D94="Mall",1,0) -> 0
A95: STR-1024 | B95: 45689 | C95: West | D95: Residential | E95: 67439.3 | F95: 6477 | G95: 0 | H95: 90.9 | I95: =IF(C95="North",1,0) -> 0 | J95: 16 | K95: 90.9 | L95: 1.64 | M95: 0 | N95: 4.5 | O95: 753473.55 | P95: 151527.22 | Q95: =IF(C95="East",1,0) -> 0 | R95: =IF(C95="South",1,0) -> 0 | S95: =IF(D95="Airport",1,0) -> 0 | T95: =IF(D95="High Street",1,0) -> 0 | U95: =IF(D95="Mall",1,0) -> 0
A96: STR-1024 | B96: 45717 | C96: West | D96: Residential | E96: 86421.88 | F96: 7970 | G96: 0.073 | H96: 91.3 | I96: =IF(C96="North",1,0) -> 0 | J96: 17 | K96: 91.3 | L96: 0.8 | M96: 0 | N96: 5 | O96: 838250.32 | P96: 122939.34 | Q96: =IF(C96="East",1,0) -> 0 | R96: =IF(C96="South",1,0) -> 0 | S96: =IF(D96="Airport",1,0) -> 0 | T96: =IF(D96="High Street",1,0) -> 0 | U96: =IF(D96="Mall",1,0) -> 0
A97: STR-1024 | B97: 45748 | C97: West | D97: Residential | E97: 9534.65 | F97: 6057 | G97: 0.074 | H97: 94.1 | I97: =IF(C97="North",1,0) -> 0 | J97: 15 | K97: 94.1 | L97: 5.79 | M97: 0 | N97: 4.5 | O97: 607898.12 | P97: 135404.85 | Q97: =IF(C97="East",1,0) -> 0 | R97: =IF(C97="South",1,0) -> 0 | S97: =IF(D97="Airport",1,0) -> 0 | T97: =IF(D97="High Street",1,0) -> 0 | U97: =IF(D97="Mall",1,0) -> 0
A98: STR-1025 | B98: 45658 | C98: West | D98: Mall | E98: 61132.07 | F98: 6394 | G98: 0.163 | H98: 91 | I98: =IF(C98="North",1,0) -> 0 | J98: 19 | K98: 91 | L98: 19.6 | M98: 0 | N98: 4.4 | O98: 691113.62 | P98: 135145.44 | Q98: =IF(C98="East",1,0) -> 0 | R98: =IF(C98="South",1,0) -> 0 | S98: =IF(D98="Airport",1,0) -> 0 | T98: =IF(D98="High Street",1,0) -> 0 | U98: =IF(D98="Mall",1,0) -> 1
A99: STR-1025 | B99: 45689 | C99: West | D99: Mall | E99: 78839.39 | F99: 5150 | G99: 0.171 | H99: 85.8 | I99: =IF(C99="North",1,0) -> 0 | J99: 13 | K99: 85.8 | L99: 7.57 | M99: 0 | N99: 4.3 | O99: 735509.4 | P99: 83895.96 | Q99: =IF(C99="East",1,0) -> 0 | R99: =IF(C99="South",1,0) -> 0 | S99: =IF(D99="Airport",1,0) -> 0 | T99: =IF(D99="High Street",1,0) -> 0 | U99: =IF(D99="Mall",1,0) -> 1
A100: STR-1025 | B100: 45717 | C100: West | D100: Mall | E100: 38752.8 | F100: 4712 | G100: 0.075 | H100: 89.7 | I100: =IF(C100="North",1,0) -> 0 | J100: 15 | K100: 89.7 | M100: 0 | N100: 4.3 | O100: 605775.33 | P100: 107194.6 | Q100: =IF(C100="East",1,0) -> 0 | R100: =IF(C100="South",1,0) -> 0 | S100: =IF(D100="Airport",1,0) -> 0 | T100: =IF(D100="High Street",1,0) -> 0 | U100: =IF(D100="Mall",1,0) -> 1
A101: STR-1025 | B101: 45748 | C101: West | D101: Mall | E101: 55101.1 | F101: 5281 | G101: 0.189 | H101: 91 | I101: =IF(C101="North",1,0) -> 0 | J101: 11 | K101: 91 | L101: 2.7 | M101: 0 | N101: 4.4 | O101: 675177.68 | P101: 105628.68 | Q101: =IF(C101="East",1,0) -> 0 | R101: =IF(C101="South",1,0) -> 0 | S101: =IF(D101="Airport",1,0) -> 0 | T101: =IF(D101="High Street",1,0) -> 0 | U101: =IF(D101="Mall",1,0) -> 1
A102: STR-1026 | B102: 45658 | C102: East | D102: Mall | E102: 53084.76 | F102: 3642 | G102: 0.15 | H102: 91.4 | I102: =IF(C102="North",1,0) -> 0 | J102: 12 | K102: 91.4 | L102: 0.2 | M102: 0 | N102: 4.4 | O102: 635181.35 | P102: 83341.25 | Q102: =IF(C102="East",1,0) -> 1 | R102: =IF(C102="South",1,0) -> 0 | S102: =IF(D102="Airport",1,0) -> 0 | T102: =IF(D102="High Street",1,0) -> 0 | U102: =IF(D102="Mall",1,0) -> 1
A103: STR-1026 | B103: 45689 | C103: East | D103: Mall | E103: 63101.59 | F103: 4373 | G103: 0.173 | H103: 90.4 | I103: =IF(C103="North",1,0) -> 0 | J103: 14 | K103: 90.4 | L103: 7.87 | M103: 0 | N103: 4.7 | O103: 586626.94 | P103: 86498.55 | Q103: =IF(C103="East",1,0) -> 1 | R103: =IF(C103="South",1,0) -> 0 | S103: =IF(D103="Airport",1,0) -> 0 | T103: =IF(D103="High Street",1,0) -> 0 | U103: =IF(D103="Mall",1,0) -> 1
A104: STR-1026 | B104: 45717 | C104: East | D104: Mall | E104: 90084.4 | F104: 6832 | G104: 0.185 | H104: 80.5 | I104: =IF(C104="North",1,0) -> 0 | J104: 14 | K104: 80.5 | L104: 0.77 | M104: 1 | N104: 4.4 | O104: 740102.64 | P104: 114299.07 | Q104: =IF(C104="East",1,0) -> 1 | R104: =IF(C104="South",1,0) -> 0 | S104: =IF(D104="Airport",1,0) -> 0 | T104: =IF(D104="High Street",1,0) -> 0 | U104: =IF(D104="Mall",1,0) -> 1
A105: STR-1026 | B105: 45748 | C105: East | D105: Mall | E105: 32266.64 | F105: 2414 | G105: 0.08 | H105: 92.1 | I105: =IF(C105="North",1,0) -> 0 | J105: 7 | K105: 92.1 | L105: 1.48 | M105: 0 | N105: 5 | O105: 625514.04 | P105: 120685.08 | Q105: =IF(C105="East",1,0) -> 1 | R105: =IF(C105="South",1,0) -> 0 | S105: =IF(D105="Airport",1,0) -> 0 | T105: =IF(D105="High Street",1,0) -> 0 | U105: =IF(D105="Mall",1,0) -> 1
A106: STR-1027 | B106: 45658 | C106: West | D106: High Street | E106: 57919.07 | F106: 7374 | G106: 0.103 | H106: 82.3 | I106: =IF(C106="North",1,0) -> 0 | J106: 21 | K106: 82.3 | L106: 2.87 | M106: 0 | N106: 2.9 | O106: 727227.2 | P106: 121292.01 | Q106: =IF(C106="East",1,0) -> 0 | R106: =IF(C106="South",1,0) -> 0 | S106: =IF(D106="Airport",1,0) -> 0 | T106: =IF(D106="High Street",1,0) -> 1 | U106: =IF(D106="Mall",1,0) -> 0
A107: STR-1027 | B107: 45689 | C107: West | D107: High Street | E107: 74679.35 | F107: 8739 | G107: 0.056 | H107: 91.8 | I107: =IF(C107="North",1,0) -> 0 | J107: 21 | K107: 91.8 | L107: 2.83 | M107: 0 | N107: 3 | O107: 783797.89 | P107: 157620.7 | Q107: =IF(C107="East",1,0) -> 0 | R107: =IF(C107="South",1,0) -> 0 | S107: =IF(D107="Airport",1,0) -> 0 | T107: =IF(D107="High Street",1,0) -> 1 | U107: =IF(D107="Mall",1,0) -> 0
A108: STR-1027 | B108: 45717 | C108: West | D108: High Street | E108: 64294.23 | F108: 6992 | G108: 0.133 | H108: 94.1 | I108: =IF(C108="North",1,0) -> 0 | J108: 14 | K108: 94.1 | L108: 0.25 | M108: 0 | N108: 3 | O108: 795153.84 | P108: 143194.21 | Q108: =IF(C108="East",1,0) -> 0 | R108: =IF(C108="South",1,0) -> 0 | S108: =IF(D108="Airport",1,0) -> 0 | T108: =IF(D108="High Street",1,0) -> 1 | U108: =IF(D108="Mall",1,0) -> 0
A109: STR-1027 | B109: 45748 | C109: West | D109: High Street | E109: 31042.03 | F109: 7107 | G109: 0.051 | H109: 87 | I109: =IF(C109="North",1,0) -> 0 | J109: 15 | K109: 87 | L109: 13.33 | M109: 0 | N109: 3.2 | O109: 665594.94 | P109: 127597.34 | Q109: =IF(C109="East",1,0) -> 0 | R109: =IF(C109="South",1,0) -> 0 | S109: =IF(D109="Airport",1,0) -> 0 | T109: =IF(D109="High Street",1,0) -> 1 | U109: =IF(D109="Mall",1,0) -> 0
A110: STR-1028 | B110: 45658 | C110: East | D110: Mall | E110: 75265.02 | F110: 6975 | G110: 0.157 | H110: 73.8 | I110: =IF(C110="North",1,0) -> 0 | J110: 20 | K110: 73.8 | L110: 6.35 | M110: 1 | N110: 3.8 | O110: 709478.39 | P110: 71294.27 | Q110: =IF(C110="East",1,0) -> 1 | R110: =IF(C110="South",1,0) -> 0 | S110: =IF(D110="Airport",1,0) -> 0 | T110: =IF(D110="High Street",1,0) -> 0 | U110: =IF(D110="Mall",1,0) -> 1
A111: STR-1028 | B111: 45689 | C111: East | D111: Mall | E111: 69411.7 | F111: 5493 | G111: 0.292 | H111: 86.5 | I111: =IF(C111="North",1,0) -> 0 | J111: 13 | K111: 86.5 | L111: 6.69 | M111: 0 | N111: 3.8 | O111: 664162.49 | P111: 98291.06 | Q111: =IF(C111="East",1,0) -> 1 | R111: =IF(C111="South",1,0) -> 0 | S111: =IF(D111="Airport",1,0) -> 0 | T111: =IF(D111="High Street",1,0) -> 0 | U111: =IF(D111="Mall",1,0) -> 1
A112: STR-1028 | B112: 45717 | C112: East | D112: Mall | E112: 51056.15 | F112: 5686 | G112: 0.089 | H112: 89.9 | I112: =IF(C112="North",1,0) -> 0 | J112: 13 | K112: 89.9 | L112: 1.28 | M112: 0 | N112: 4.2 | O112: 633494.21 | P112: 105739.47 | Q112: =IF(C112="East",1,0) -> 1 | R112: =IF(C112="South",1,0) -> 0 | S112: =IF(D112="Airport",1,0) -> 0 | T112: =IF(D112="High Street",1,0) -> 0 | U112: =IF(D112="Mall",1,0) -> 1
... A134: STR-1034 | B134: 45658 | C134: North | D134: High Street | E134: 70276.28 | F134: 3043 | G134: 0.079 | H134: 87.9 | I134: =IF(C134="North",1,0) -> 1 | J134: 9 | K134: 87.9 | L134: 3.77 | M134: 0 | N134: 4.4 | O134: 527300.13 | P134: 84197.87 | Q134: =IF(C134="East",1,0) -> 0 | R134: =IF(C134="South",1,0) -> 0 | S134: =IF(D134="Airport",1,0) -> 0 | T134: =IF(D134="High Street",1,0) -> 1 | U134: =IF(D134="Mall",1,0) -> 0
A135: STR-1034 | B135: 45689 | C135: North | D135: High Street | E135: 22071.64 | F135: 1814 | G135: 0.196 | H135: 81.1 | I135: =IF(C135="North",1,0) -> 1 | J135: 8 | K135: 81.1 | L135: 0.78 | M135: 0 | O135: 400831.65 | P135: 70979.31 | Q135: =IF(C135="East",1,0) -> 0 | R135: =IF(C135="South",1,0) -> 0 | S135: =IF(D135="Airport",1,0) -> 0 | T135: =IF(D135="High Street",1,0) -> 1 | U135: =IF(D135="Mall",1,0) -> 0
A136: STR-1034 | B136: 45717 | C136: North | D136: High Street | E136: 52285.45 | F136: 3618 | G136: 0.086 | H136: 95.6 | I136: =IF(C136="North",1,0) -> 1 | J136: 11 | K136: 95.6 | L136: 5.17 | M136: 1 | N136: 4.4 | O136: 593247.25 | P136: 81240.29 | Q136: =IF(C136="East",1,0) -> 0 | R136: =IF(C136="South",1,0) -> 0 | S136: =IF(D136="Airport",1,0) -> 0 | T136: =IF(D136="High Street",1,0) -> 1 | U136: =IF(D136="Mall",1,0) -> 0
A137: STR-1034 | B137: 45748 | C137: North | D137: High Street | E137: 70366.76 | F137: 1963 | G137: 0.182 | H137: 89.8 | I137: =IF(C137="North",1,0) -> 1 | J137: 8 | K137: 89.8 | L137: 3.2 | M137: 0 | N137: 4.6 | O137: 529075.95 | P137: 95978.83 | Q137: =IF(C137="East",1,0) -> 0 | R137: =IF(C137="South",1,0) -> 0 | S137: =IF(D137="Airport",1,0) -> 0 | T137: =IF(D137="High Street",1,0) -> 1 | U137: =IF(D137="Mall",1,0) -> 0
A138: STR-1035 | B138: 45658 | C138: South | D138: Residential | E138: 71320.66 | F138: 7888 | G138: 0.048 | H138: 78.1 | I138: =IF(C138="North",1,0) -> 0 | J138: 20 | K138: 78.1 | L138: 3.4 | M138: 0 | O138: 633638.03 | P138: 99402.01 | Q138: =IF(C138="East",1,0) -> 0 | R138: =IF(C138="South",1,0) -> 1 | S138: =IF(D138="Airport",1,0) -> 0 | T138: =IF(D138="High Street",1,0) -> 0 | U138: =IF(D138="Mall",1,0) -> 0
A139: STR-1035 | B139: 45689 | C139: South | D139: Residential | E139: 75109.67 | F139: 6244 | G139: 0.079 | H139: 96.3 | I139: =IF(C139="North",1,0) -> 0 | J139: 15 | K139: 96.3 | L139: 7.38 | M139: 0 | N139: 3.7 | O139: 743348.84 | P139: 104186.09 | Q139: =IF(C139="East",1,0) -> 0 | R139: =IF(C139="South",1,0) -> 1 | S139: =IF(D139="Airport",1,0) -> 0 | T139: =IF(D139="High Street",1,0) -> 0 | U139: =IF(D139="Mall",1,0) -> 0
A140: STR-1035 | B140: 45717 | C140: South | D140: Residential | E140: 69779 | F140: 6544 | G140: 0.152 | H140: 90.2 | I140: =IF(C140="North",1,0) -> 0 | J140: 18 | K140: 90.2 | L140: 0.85 | M140: 1 | N140: 3.3 | O140: 758827.64 | P140: 161439.48 | Q140: =IF(C140="East",1,0) -> 0 | R140: =IF(C140="South",1,0) -> 1 | S140: =IF(D140="Airport",1,0) -> 0 | T140: =IF(D140="High Street",1,0) -> 0 | U140: =IF(D140="Mall",1,0) -> 0
A141: STR-1035 | B141: 45748 | C141: South | D141: Residential | E141: 44211.95 | F141: 5465 | G141: 0.187 | H141: 90 | I141: =IF(C141="North",1,0) -> 0 | J141: 12 | K141: 90 | L141: 2.89 | M141: 0 | N141: 3.6 | O141: 646559.71 | P141: 97981.75 | Q141: =IF(C141="East",1,0) -> 0 | R141: =IF(C141="South",1,0) -> 1 | S141: =IF(D141="Airport",1,0) -> 0 | T141: =IF(D141="High Street",1,0) -> 0 | U141: =IF(D141="Mall",1,0) -> 0
A142: STR-1036 | B142: 45658 | C142: West | D142: High Street | E142: 51430.31 | F142: 6427 | G142: 0.234 | H142: 88.8 | I142: =IF(C142="North",1,0) -> 0 | J142: 14 | K142: 88.8 | L142: 0.77 | M142: 0 | N142: 4.1 | O142: 715890.53 | P142: 109032.15 | Q142: =IF(C142="East",1,0) -> 0 | R142: =IF(C142="South",1,0) -> 0 | S142: =IF(D142="Airport",1,0) -> 0 | T142: =IF(D142="High Street",1,0) -> 1 | U142: =IF(D142="Mall",1,0) -> 0
A143: STR-1036 | B143: 45689 | C143: West | D143: High Street | E143: 45706.49 | F143: 6704 | G143: 0.038 | H143: 94.2 | I143: =IF(C143="North",1,0) -> 0 | J143: 15 | K143: 94.2 | L143: 2.92 | M143: 0 | N143: 4.2 | O143: 715097.57 | P143: 151875.86 | Q143: =IF(C143="East",1,0) -> 0 | R143: =IF(C143="South",1,0) -> 0 | S143: =IF(D143="Airport",1,0) -> 0 | T143: =IF(D143="High Street",1,0) -> 1 | U143: =IF(D143="Mall",1,0) -> 0
A144: STR-1036 | B144: 45717 | C144: West | D144: High Street | E144: 44034.6 | F144: 5645 | G144: 0.069 | H144: 88.5 | I144: =IF(C144="North",1,0) -> 0 | J144: 18 | K144: 88.5 | L144: 3.07 | M144: 0 | N144: 3.8 | O144: 682639.28 | P144: 77557.53 | Q144: =IF(C144="East",1,0) -> 0 | R144: =IF(C144="South",1,0) -> 0 | S144: =IF(D144="Airport",1,0) -> 0 | T144: =IF(D144="High Street",1,0) -> 1 | U144: =IF(D144="Mall",1,0) -> 0
A145: STR-1036 | B145: 45748 | C145: West | D145: High Street | E145: 50198.12 | F145: 6089 | G145: 0.182 | H145: 94 | I145: =IF(C145="North",1,0) -> 0 | J145: 19 | K145: 94 | L145: 9.7 | M145: 0 | N145: 3.9 | O145: 695098.51 | P145: 108192.75 | Q145: =IF(C145="East",1,0) -> 0 | R145: =IF(C145="South",1,0) -> 0 | S145: =IF(D145="Airport",1,0) -> 0 | T145: =IF(D145="High Street",1,0) -> 1 | U145: =IF(D145="Mall",1,0) -> 0
A146: STR-1037 | B146: 45658 | C146: North | D146: Residential | E146: 70488.2 | F146: 4312 | G146: 0.169 | H146: 90.2 | I146: =IF(C146="North",1,0) -> 1 | J146: 12 | K146: 90.2 | L146: 3.71 | M146: 0 | N146: 3.2 | O146: 577732.57 | P146: 93804.27 | Q146: =IF(C146="East",1,0) -> 0 | R146: =IF(C146="South",1,0) -> 0 | S146: =IF(D146="Airport",1,0) -> 0 | T146: =IF(D146="High Street",1,0) -> 0 | U146: =IF(D146="Mall",1,0) -> 0
A147: STR-1037 | B147: 45689 | C147: North | D147: Residential | E147: 50909.27 | F147: 3152 | G147: 0.06 | H147: 93.7 | I147: =IF(C147="North",1,0) -> 1 | J147: 13 | K147: 93.7 | L147: 10.79 | M147: 0 | N147: 3.5 | O147: 537058.33 | P147: 93555.71 | Q147: =IF(C147="East",1,0) -> 0 | R147: =IF(C147="South",1,0) -> 0 | S147: =IF(D147="Airport",1,0) -> 0 | T147: =IF(D147="High Street",1,0) -> 0 | U147: =IF(D147="Mall",1,0) -> 0
A148: STR-1037 | B148: 45717 | C148: North | D148: Residential | E148: 53351.7 | F148: 4259 | G148: 0.156 | H148: 93.7 | I148: =IF(C148="North",1,0) -> 1 | J148: 15 | K148: 93.7 | L148: 6.03 | M148: 0 | N148: 3.4 | O148: 601568.87 | P148: 91634.82 | Q148: =IF(C148="East",1,0) -> 0 | R148: =IF(C148="South",1,0) -> 0 | S148: =IF(D148="Airport",1,0) -> 0 | T148: =IF(D148="High Street",1,0) -> 0 | U148: =IF(D148="Mall",1,0) -> 0
A149: STR-1037 | B149: 45748 | C149: North | D149: Residential | E149: 60322.4 | F149: 3350 | G149: 0.108 | H149: 89.4 | I149: =IF(C149="North",1,0) -> 1 | J149: 12 | K149: 89.4 | L149: 4.92 | M149: 0 | N149: 3.4 | O149: 570964.84 | P149: 81331.07 | Q149: =IF(C149="East",1,0) -> 0 | R149: =IF(C149="South",1,0) -> 0 | S149: =IF(D149="Airport",1,0) -> 0 | T149: =IF(D149="High Street",1,0) -> 0 | U149: =IF(D149="Mall",1,0) -> 0
A150: STR-1038 | B150: 45658 | C150: South | D150: Mall | E150: 51575.68 | F150: 5329 | G150: 0.047 | H150: 88.1 | I150: =IF(C150="North",1,0) -> 0 | J150: 17 | K150: 88.1 | L150: 19.78 | M150: 0 | N150: 3.8 | O150: 614024.91 | P150: 84828.93 | Q150: =IF(C150="East",1,0) -> 0 | R150: =IF(C150="South",1,0) -> 1 | S150: =IF(D150="Airport",1,0) -> 0 | T150: =IF(D150="High Street",1,0) -> 0 | U150: =IF(D150="Mall",1,0) -> 1
... A163: STR-1041 | B163: 45689 | C163: South | D163: High Street | E163: 48438.85 | F163: 6992 | G163: 0.034 | H163: 91 | I163: =IF(C163="North",1,0) -> 0 | J163: 20 | K163: 91 | L163: 4.36 | M163: 0 | N163: 4.2 | O163: 778298.88 | P163: 130076.72 | Q163: =IF(C163="East",1,0) -> 0 | R163: =IF(C163="South",1,0) -> 1 | S163: =IF(D163="Airport",1,0) -> 0 | T163: =IF(D163="High Street",1,0) -> 1 | U163: =IF(D163="Mall",1,0) -> 0
A164: STR-1041 | B164: 45717 | C164: South | D164: High Street | E164: 57143.3 | F164: 8038 | G164: 0.193 | H164: 72.6 | I164: =IF(C164="North",1,0) -> 0 | J164: 17 | K164: 72.6 | M164: 0 | N164: 4.2 | O164: 677096.71 | P164: 97174.11 | Q164: =IF(C164="East",1,0) -> 0 | R164: =IF(C164="South",1,0) -> 1 | S164: =IF(D164="Airport",1,0) -> 0 | T164: =IF(D164="High Street",1,0) -> 1 | U164: =IF(D164="Mall",1,0) -> 0
A165: STR-1041 | B165: 45748 | C165: South | D165: High Street | E165: 66870.62 | F165: 6055 | G165: 0.075 | H165: 93.8 | I165: =IF(C165="North",1,0) -> 0 | J165: 19 | K165: 93.8 | L165: 0.54 | M165: 0 | N165: 4.3 | O165: 692008.64 | P165: 116337.87 | Q165: =IF(C165="East",1,0) -> 0 | R165: =IF(C165="South",1,0) -> 1 | S165: =IF(D165="Airport",1,0) -> 0 | T165: =IF(D165="High Street",1,0) -> 1 | U165: =IF(D165="Mall",1,0) -> 0
A166: STR-1042 | B166: 45658 | C166: North | D166: Mall | E166: 72150.53 | F166: 9323 | G166: 0.157 | H166: 82.9 | I166: =IF(C166="North",1,0) -> 1 | J166: 22 | K166: 82.9 | L166: 11.37 | M166: 1 | N166: 4.3 | O166: 825797.91 | P166: 130945.24 | Q166: =IF(C166="East",1,0) -> 0 | R166: =IF(C166="South",1,0) -> 0 | S166: =IF(D166="Airport",1,0) -> 0 | T166: =IF(D166="High Street",1,0) -> 0 | U166: =IF(D166="Mall",1,0) -> 1
A167: STR-1042 | B167: 45689 | C167: North | D167: Mall | E167: 35303.3 | F167: 8789 | G167: 0.123 | H167: 86.1 | I167: =IF(C167="North",1,0) -> 1 | J167: 22 | K167: 86.1 | L167: 9.43 | M167: 0 | N167: 4.2 | O167: 706285.52 | P167: 138014.72 | Q167: =IF(C167="East",1,0) -> 0 | R167: =IF(C167="South",1,0) -> 0 | S167: =IF(D167="Airport",1,0) -> 0 | T167: =IF(D167="High Street",1,0) -> 0 | U167: =IF(D167="Mall",1,0) -> 1
A168: STR-1042 | B168: 45717 | C168: North | D168: Mall | E168: 30301.86 | F168: 6939 | G168: 0.09 | H168: 90.3 | I168: =IF(C168="North",1,0) -> 1 | J168: 16 | K168: 90.3 | L168: 3.49 | M168: 0 | N168: 4 | O168: 665534.7 | P168: 113167.73 | Q168: =IF(C168="East",1,0) -> 0 | R168: =IF(C168="South",1,0) -> 0 | S168: =IF(D168="Airport",1,0) -> 0 | T168: =IF(D168="High Street",1,0) -> 0 | U168: =IF(D168="Mall",1,0) -> 1
A169: STR-1042 | B169: 45748 | C169: North | D169: Mall | E169: 78432.14 | F169: 9440 | G169: 0.126 | H169: 89.2 | I169: =IF(C169="North",1,0) -> 1 | J169: 23 | K169: 89.2 | L169: 7.86 | M169: 0 | N169: 4.1 | O169: 820729.29 | P169: 159325.47 | Q169: =IF(C169="East",1,0) -> 0 | R169: =IF(C169="South",1,0) -> 0 | S169: =IF(D169="Airport",1,0) -> 0 | T169: =IF(D169="High Street",1,0) -> 0 | U169: =IF(D169="Mall",1,0) -> 1
A170: STR-1043 | B170: 45658 | C170: East | D170: Residential | E170: 62059.18 | F170: 9374 | G170: 0.136 | H170: 87.1 | I170: =IF(C170="North",1,0) -> 0 | J170: 25 | K170: 87.1 | L170: 12.55 | M170: 0 | N170: 4.9 | O170: 739831.73 | P170: 119490.21 | Q170: =IF(C170="East",1,0) -> 1 | R170: =IF(C170="South",1,0) -> 0 | S170: =IF(D170="Airport",1,0) -> 0 | T170: =IF(D170="High Street",1,0) -> 0 | U170: =IF(D170="Mall",1,0) -> 0
A171: STR-1043 | B171: 45689 | C171: East | D171: Residential | E171: 32834.48 | F171: 7576 | G171: 0.099 | H171: 84.1 | I171: =IF(C171="North",1,0) -> 0 | J171: 15 | K171: 84.1 | L171: 3.48 | M171: 0 | N171: 5 | O171: 593637.14 | P171: 106648.14 | Q171: =IF(C171="East",1,0) -> 1 | R171: =IF(C171="South",1,0) -> 0 | S171: =IF(D171="Airport",1,0) -> 0 | T171: =IF(D171="High Street",1,0) -> 0 | U171: =IF(D171="Mall",1,0) -> 0
A172: STR-1043 | B172: 45717 | C172: East | D172: Residential | E172: 50825.08 | F172: 8949 | G172: 0.157 | H172: 84.7 | I172: =IF(C172="North",1,0) -> 0 | J172: 21 | K172: 84.7 | L172: 7.73 | M172: 0 | N172: 4.9 | O172: 769702.76 | P172: 158697 | Q172: =IF(C172="East",1,0) -> 1 | R172: =IF(C172="South",1,0) -> 0 | S172: =IF(D172="Airport",1,0) -> 0 | T172: =IF(D172="High Street",1,0) -> 0 | U172: =IF(D172="Mall",1,0) -> 0
A173: STR-1043 | B173: 45748 | C173: East | D173: Residential | E173: 36606.51 | F173: 7671 | G173: 0.118 | H173: 89.8 | I173: =IF(C173="North",1,0) -> 0 | J173: 18 | K173: 89.8 | L173: 0.25 | M173: 0 | N173: 4.4 | O173: 679731.57 | P173: 121546.42 | Q173: =IF(C173="East",1,0) -> 1 | R173: =IF(C173="South",1,0) -> 0 | S173: =IF(D173="Airport",1,0) -> 0 | T173: =IF(D173="High Street",1,0) -> 0 | U173: =IF(D173="Mall",1,0) -> 0
A174: STR-1044 | B174: 45658 | C174: East | D174: Residential | E174: 65237.79 | F174: 8741 | G174: 0.157 | H174: 94.4 | I174: =IF(C174="North",1,0) -> 0 | J174: 20 | K174: 94.4 | L174: 6.43 | M174: 0 | N174: 3.3 | O174: 780344.18 | P174: 118239.09 | Q174: =IF(C174="East",1,0) -> 1 | R174: =IF(C174="South",1,0) -> 0 | S174: =IF(D174="Airport",1,0) -> 0 | T174: =IF(D174="High Street",1,0) -> 0 | U174: =IF(D174="Mall",1,0) -> 0
A175: STR-1044 | B175: 45689 | C175: East | D175: Residential | E175: 43645.98 | F175: 9480 | G175: 0.109 | H175: 89 | I175: =IF(C175="North",1,0) -> 0 | J175: 22 | K175: 89 | L175: 2.11 | M175: 0 | N175: 3.1 | O175: 721364.11 | P175: 147272.81 | Q175: =IF(C175="East",1,0) -> 1 | R175: =IF(C175="South",1,0) -> 0 | S175: =IF(D175="Airport",1,0) -> 0 | T175: =IF(D175="High Street",1,0) -> 0 | U175: =IF(D175="Mall",1,0) -> 0
A176: STR-1044 | B176: 45717 | C176: East | D176: Residential | E176: 68040.15 | F176: 9826 | G176: 0.125 | H176: 83.9 | I176: =IF(C176="North",1,0) -> 0 | J176: 20 | K176: 83.9 | L176: 9.12 | M176: 0 | N176: 3.6 | O176: 758138.29 | P176: 132975.26 | Q176: =IF(C176="East",1,0) -> 1 | R176: =IF(C176="South",1,0) -> 0 | S176: =IF(D176="Airport",1,0) -> 0 | T176: =IF(D176="High Street",1,0) -> 0 | U176: =IF(D176="Mall",1,0) -> 0
... A196: STR-1049 | B196: 45717 | C196: West | D196: Residential | E196: 40220.18 | F196: 3783 | G196: 0.089 | H196: 86.6 | I196: =IF(C196="North",1,0) -> 0 | J196: 14 | K196: 86.6 | L196: 3.63 | M196: 0 | N196: 3.7 | O196: 559422.02 | P196: 73528.74 | Q196: =IF(C196="East",1,0) -> 0 | R196: =IF(C196="South",1,0) -> 0 | S196: =IF(D196="Airport",1,0) -> 0 | T196: =IF(D196="High Street",1,0) -> 0 | U196: =IF(D196="Mall",1,0) -> 0
...

Sheet Simple_Regression_1
A1: SUMMARY OUTPUT
A3: Regression Statistics
A4: Multiple R | B4: 0.40895561
A5: R Square | B5: 0.16724469
A6: Adjusted R Square | B6: 0.16462596
A7: Standard Error | B7: 94846.034
A8: Observations | B8: 320
A10: ANOVA
B11: df | C11: SS | D11: MS | E11: F | F11: Significance F
A12: Regression | B12: 1 | C12: 5.7451371e+11 | D12: 5.7451371e+11 | E12: 63.864873 | F12: 2.4800615e-14
A13: Residual | B13: 318 | C13: 2.8606549e+12 | D13: 8.9957701e+09
A14: Total | B14: 319 | C14: 3.4351686e+12
B16: Coefficients | C16: Standard Error | D16: t Stat | E16: P-value | F16: Lower 95% | G16: Upper 95% | H16: Lower 95.0% | I16: Upper 95.0%
A17: Intercept | B17: 560777.35 | C17: 15906.906 | D17: 35.253703 | E17: 6.9528769e-112 | F17: 529481.27 | G17: 592073.42 | H17: 529481.27 | I17: 592073.42
A18: marketing_spend | B18: 2.1295753 | C18: 0.26647838 | D18: 7.9915501 | E18: 2.4800615e-14 | F18: 1.6052919 | G18: 2.6538587 | H18: 1.6052919 | I18: 2.6538587

Sheet Simple_Regression_2
A1: SUMMARY OUTPUT
A3: Regression Statistics
A4: Multiple R | B4: 0.85807071
A5: R Square | B5: 0.73628534
A6: Adjusted R Square | B6: 0.73545605
A7: Standard Error | B7: 53373.736
A8: Observations | B8: 320
A10: ANOVA
B11: df | C11: SS | D11: MS | E11: F | F11: Significance F
A12: Regression | B12: 1 | C12: 2.5292643e+12 | D12: 2.5292643e+12 | E12: 887.84878 | F12: 4.7503615e-94
A13: Residual | B13: 318 | C13: 9.0590432e+11 | D13: 2.8487557e+09
A14: Total | B14: 319 | C14: 3.4351686e+12
B16: Coefficients | C16: Standard Error | D16: t Stat | E16: P-value | F16: Lower 95% | G16: Upper 95% | H16: Lower 95.0% | I16: Upper 95.0%
A17: Intercept | B17: 446410.58 | C17: 8407.7383 | D17: 53.095205 | E17: 4.0862696e-160 | F17: 429868.76 | G17: 462952.4 | H17: 429868.76 | I17: 462952.4
A18: footfall | B18: 35.678031 | C18: 1.1973783 | D18: 29.796791 | E18: 4.7503615e-94 | F18: 33.322247 | G18: 38.033815 | H18: 33.322247 | I18: 38.033815

Sheet Multiple_Regression
A1: SUMMARY OUTPUT
A3: Regression Statistics
A4: Multiple R | B4: 0.89818306
A5: R Square | B5: 0.80673281
A6: Adjusted R Square | B6: 0.80365531
A7: Standard Error | B7: 45982.044
A8: Observations | B8: 320
A10: ANOVA
B11: df | C11: SS | D11: MS | E11: F | F11: Significance F
A12: Regression | B12: 5 | C12: 2.7712632e+12 | D12: 5.5425265e+11 | E12: 262.13875 | F12: 9.1893902e-110
A13: Residual | B13: 314 | C13: 6.6390539e+11 | D13: 2.1143484e+09
A14: Total | B14: 319 | C14: 3.4351686e+12
B16: Coefficients | C16: Standard Error | D16: t Stat | E16: P-value | F16: Lower 95% | G16: Upper 95% | H16: Lower 95.0% | I16: Upper 95.0%
A17: Intercept | B17: 151399.35 | C17: 44752.376 | D17: 3.3830461 | E17: 0.00080767051 | F17: 63346.917 | G17: 239451.78 | H17: 63346.917 | I17: 239451.78
A18: marketing_spend | B18: 1.1629255 | C18: 0.13324107 | D18: 8.7279814 | E18: 1.5563691e-16 | F18: 0.90076739 | G18: 1.4250837 | H18: 0.90076739 | I18: 1.4250837
A19: footfall | B19: 33.641173 | C19: 1.0643354 | D19: 31.60768 | E19: 1.445702e-99 | F19: 31.547042 | G19: 35.735304 | H19: 31.547042 | I19: 35.735304
A20: avg_discount_pct | B20: -70986.274 | C20: 38064.312 | D20: -1.8649036 | E20: 0.0631276 | F20: -145879.62 | G20: 3907.0755 | H20: -145879.62 | I20: 3907.0755
A21: inventory_availability_pct | B21: 2851.729 | C21: 482.99675 | D21: 5.9042406 | E21: 9.1916637e-09 | F21: 1901.4099 | G21: 3802.0482 | H21: 1901.4099 | I21: 3802.0482
A22: Region_North | B22: -217.03775 | C22: 6462.6781 | D22: -0.033583252 | E22: 0.97323082 | F22: -12932.665 | G22: 12498.59 | H22: -12932.665 | I22: 12498.59

Sheet Predictions_Residuals
A1: Actual Sales | B1: Predicted Sales | C1: Residual
A2: 685379.08 | B2: =151399.3501+(1.162925543*Dummy_Variables!E68)+(33.64117308*Dummy_Variables!F68)-(70986.27419*Dummy_Variables!G68)+(2851.729043*Dummy_Variables!H68)-(217.0377465*Dummy_Variables!I68) -> 842650.75 | C2: =A2-B2 -> -157271.67
A3: 595467.6 | B3: =151399.3501+(1.162925543*Dummy_Variables!E46)+(33.64117308*Dummy_Variables!F46)-(70986.27419*Dummy_Variables!G46)+(2851.729043*Dummy_Variables!H46)-(217.0377465*Dummy_Variables!I46) -> 733225.13 | C3: =A3-B3 -> -137757.53
A4: 627171.9 | B4: =151399.3501+(1.162925543*Dummy_Variables!E91)+(33.64117308*Dummy_Variables!F91)-(70986.27419*Dummy_Variables!G91)+(2851.729043*Dummy_Variables!H91)-(217.0377465*Dummy_Variables!I91) -> 744840.11 | C4: =A4-B4 -> -117668.21
A5: 641865.03 | B5: =151399.3501+(1.162925543*Dummy_Variables!E34)+(33.64117308*Dummy_Variables!F34)-(70986.27419*Dummy_Variables!G34)+(2851.729043*Dummy_Variables!H34)-(217.0377465*Dummy_Variables!I34) -> 756081.75 | C5: =A5-B5 -> -114216.72
A6: 658920.3 | B6: =151399.3501+(1.162925543*Dummy_Variables!E5)+(33.64117308*Dummy_Variables!F5)-(70986.27419*Dummy_Variables!G5)+(2851.729043*Dummy_Variables!H5)-(217.0377465*Dummy_Variables!I5) -> 772524.48 | C6: =A6-B6 -> -113604.18
A7: 538376 | B7: =151399.3501+(1.162925543*Dummy_Variables!E307)+(33.64117308*Dummy_Variables!F307)-(70986.27419*Dummy_Variables!G307)+(2851.729043*Dummy_Variables!H307)-(217.0377465*Dummy_Variables!I307) -> 644796.26 | C7: =A7-B7 -> -106420.26
A8: 463534.25 | B8: =151399.3501+(1.162925543*Dummy_Variables!E54)+(33.64117308*Dummy_Variables!F54)-(70986.27419*Dummy_Variables!G54)+(2851.729043*Dummy_Variables!H54)-(217.0377465*Dummy_Variables!I54) -> 557586.74 | C8: =A8-B8 -> -94052.492
A9: 415721.82 | B9: =151399.3501+(1.162925543*Dummy_Variables!E22)+(33.64117308*Dummy_Variables!F22)-(70986.27419*Dummy_Variables!G22)+(2851.729043*Dummy_Variables!H22)-(217.0377465*Dummy_Variables!I22) -> 506848.59 | C9: =A9-B9 -> -91126.77
A10: 678722.06 | B10: =151399.3501+(1.162925543*Dummy_Variables!E4)+(33.64117308*Dummy_Variables!F4)-(70986.27419*Dummy_Variables!G4)+(2851.729043*Dummy_Variables!H4)-(217.0377465*Dummy_Variables!I4) -> 769166.88 | C10: =A10-B10 -> -90444.815
A11: 800451.94 | B11: =151399.3501+(1.162925543*Dummy_Variables!E27)+(33.64117308*Dummy_Variables!F27)-(70986.27419*Dummy_Variables!G27)+(2851.729043*Dummy_Variables!H27)-(217.0377465*Dummy_Variables!I27) -> 888101.48 | C11: =A11-B11 -> -87649.54
A12: 511844.41 | B12: =151399.3501+(1.162925543*Dummy_Variables!E30)+(33.64117308*Dummy_Variables!F30)-(70986.27419*Dummy_Variables!G30)+(2851.729043*Dummy_Variables!H30)-(217.0377465*Dummy_Variables!I30) -> 598932.43 | C12: =A12-B12 -> -87088.022
A13: 633638.03 | B13: =151399.3501+(1.162925543*Dummy_Variables!E138)+(33.64117308*Dummy_Variables!F138)-(70986.27419*Dummy_Variables!G138)+(2851.729043*Dummy_Variables!H138)-(217.0377465*Dummy_Variables!I138) -> 719014.24 | C13: =A13-B13 -> -85376.208
A14: 593637.14 | B14: =151399.3501+(1.162925543*Dummy_Variables!E171)+(33.64117308*Dummy_Variables!F171)-(70986.27419*Dummy_Variables!G171)+(2851.729043*Dummy_Variables!H171)-(217.0377465*Dummy_Variables!I171) -> 677251.7 | C14: =A14-B14 -> -83614.564
A15: 449465.06 | B15: =151399.3501+(1.162925543*Dummy_Variables!E197)+(33.64117308*Dummy_Variables!F197)-(70986.27419*Dummy_Variables!G197)+(2851.729043*Dummy_Variables!H197)-(217.0377465*Dummy_Variables!I197) -> 532590.96 | C15: =A15-B15 -> -83125.905
A16: 634436 | B16: =151399.3501+(1.162925543*Dummy_Variables!E3)+(33.64117308*Dummy_Variables!F3)-(70986.27419*Dummy_Variables!G3)+(2851.729043*Dummy_Variables!H3)-(217.0377465*Dummy_Variables!I3) -> 716640.8 | C16: =A16-B16 -> -82204.796
A17: 427917.38 | B17: =151399.3501+(1.162925543*Dummy_Variables!E33)+(33.64117308*Dummy_Variables!F33)-(70986.27419*Dummy_Variables!G33)+(2851.729043*Dummy_Variables!H33)-(217.0377465*Dummy_Variables!I33) -> 509700.89 | C17: =A17-B17 -> -81783.513
A18: 691288.19 | B18: =151399.3501+(1.162925543*Dummy_Variables!E211)+(33.64117308*Dummy_Variables!F211)-(70986.27419*Dummy_Variables!G211)+(2851.729043*Dummy_Variables!H211)-(217.0377465*Dummy_Variables!I211) -> 772756.52 | C18: =A18-B18 -> -81468.332
A19: 660633.99 | B19: =151399.3501+(1.162925543*Dummy_Variables!E270)+(33.64117308*Dummy_Variables!F270)-(70986.27419*Dummy_Variables!G270)+(2851.729043*Dummy_Variables!H270)-(217.0377465*Dummy_Variables!I270) -> 742078.63 | C19: =A19-B19 -> -81444.643
A20: 593343 | B20: =151399.3501+(1.162925543*Dummy_Variables!E273)+(33.64117308*Dummy_Variables!F273)-(70986.27419*Dummy_Variables!G273)+(2851.729043*Dummy_Variables!H273)-(217.0377465*Dummy_Variables!I273) -> 673957.06 | C20: =A20-B20 -> -80614.061
A21: 675917.63 | B21: =151399.3501+(1.162925543*Dummy_Variables!E209)+(33.64117308*Dummy_Variables!F209)-(70986.27419*Dummy_Variables!G209)+(2851.729043*Dummy_Variables!H209)-(217.0377465*Dummy_Variables!I209) -> 755014.52 | C21: =A21-B21 -> -79096.895
A22: 673076.34 | B22: =151399.3501+(1.162925543*Dummy_Variables!E278)+(33.64117308*Dummy_Variables!F278)-(70986.27419*Dummy_Variables!G278)+(2851.729043*Dummy_Variables!H278)-(217.0377465*Dummy_Variables!I278) -> 751365.58 | C22: =A22-B22 -> -78289.239
A23: 630829.94 | B23: =151399.3501+(1.162925543*Dummy_Variables!E75)+(33.64117308*Dummy_Variables!F75)-(70986.27419*Dummy_Variables!G75)+(2851.729043*Dummy_Variables!H75)-(217.0377465*Dummy_Variables!I75) -> 708476.54 | C23: =A23-B23 -> -77646.598
A24: 401582.58 | B24: =151399.3501+(1.162925543*Dummy_Variables!E301)+(33.64117308*Dummy_Variables!F301)-(70986.27419*Dummy_Variables!G301)+(2851.729043*Dummy_Variables!H301)-(217.0377465*Dummy_Variables!I301) -> 475269.09 | C24: =A24-B24 -> -73686.506
A25: 684217.32 | B25: =151399.3501+(1.162925543*Dummy_Variables!E120)+(33.64117308*Dummy_Variables!F120)-(70986.27419*Dummy_Variables!G120)+(2851.729043*Dummy_Variables!H120)-(217.0377465*Dummy_Variables!I120) -> 753685.25 | C25: =A25-B25 -> -69467.926
A26: 799477.76 | B26: =151399.3501+(1.162925543*Dummy_Variables!E35)+(33.64117308*Dummy_Variables!F35)-(70986.27419*Dummy_Variables!G35)+(2851.729043*Dummy_Variables!H35)-(217.0377465*Dummy_Variables!I35) -> 866979.48 | C26: =A26-B26 -> -67501.721
A27: 725235.28 | B27: =151399.3501+(1.162925543*Dummy_Variables!E132)+(33.64117308*Dummy_Variables!F132)-(70986.27419*Dummy_Variables!G132)+(2851.729043*Dummy_Variables!H132)-(217.0377465*Dummy_Variables!I132) -> 791265.71 | C27: =A27-B27 -> -66030.435
A28: 658832.62 | B28: =151399.3501+(1.162925543*Dummy_Variables!E2)+(33.64117308*Dummy_Variables!F2)-(70986.27419*Dummy_Variables!G2)+(2851.729043*Dummy_Variables!H2)-(217.0377465*Dummy_Variables!I2) -> 723443.92 | C28: =A28-B28 -> -64611.298
A29: 570963.31 | B29: =151399.3501+(1.162925543*Dummy_Variables!E230)+(33.64117308*Dummy_Variables!F230)-(70986.27419*Dummy_Variables!G230)+(2851.729043*Dummy_Variables!H230)-(217.0377465*Dummy_Variables!I230) -> 635128.62 | C29: =A29-B29 -> -64165.308
A30: 721079.35 | B30: =151399.3501+(1.162925543*Dummy_Variables!E238)+(33.64117308*Dummy_Variables!F238)-(70986.27419*Dummy_Variables!G238)+(2851.729043*Dummy_Variables!H238)-(217.0377465*Dummy_Variables!I238) -> 785142.02 | C30: =A30-B30 -> -64062.669
A31: 651164.18 | B31: =151399.3501+(1.162925543*Dummy_Variables!E309)+(33.64117308*Dummy_Variables!F309)-(70986.27419*Dummy_Variables!G309)+(2851.729043*Dummy_Variables!H309)-(217.0377465*Dummy_Variables!I309) -> 714237.45 | C31: =A31-B31 -> -63073.273
A32: 671868.59 | B32: =151399.3501+(1.162925543*Dummy_Variables!E208)+(33.64117308*Dummy_Variables!F208)-(70986.27419*Dummy_Variables!G208)+(2851.729043*Dummy_Variables!H208)-(217.0377465*Dummy_Variables!I208) -> 734549.07 | C32: =A32-B32 -> -62680.479
A33: 620264.2 | B33: =151399.3501+(1.162925543*Dummy_Variables!E318)+(33.64117308*Dummy_Variables!F318)-(70986.27419*Dummy_Variables!G318)+(2851.729043*Dummy_Variables!H318)-(217.0377465*Dummy_Variables!I318) -> 682772.69 | C33: =A33-B33 -> -62508.491
A34: 441275.42 | B34: =151399.3501+(1.162925543*Dummy_Variables!E125)+(33.64117308*Dummy_Variables!F125)-(70986.27419*Dummy_Variables!G125)+(2851.729043*Dummy_Variables!H125)-(217.0377465*Dummy_Variables!I125) -> 501037.86 | C34: =A34-B34 -> -59762.441
A35: 726606.28 | B35: =151399.3501+(1.162925543*Dummy_Variables!E15)+(33.64117308*Dummy_Variables!F15)-(70986.27419*Dummy_Variables!G15)+(2851.729043*Dummy_Variables!H15)-(217.0377465*Dummy_Variables!I15) -> 786170.02 | C35: =A35-B35 -> -59563.737
A36: 400831.65 | B36: =151399.3501+(1.162925543*Dummy_Variables!E135)+(33.64117308*Dummy_Variables!F135)-(70986.27419*Dummy_Variables!G135)+(2851.729043*Dummy_Variables!H135)-(217.0377465*Dummy_Variables!I135) -> 455236.99 | C36: =A36-B36 -> -54405.34
A37: 527300.13 | B37: =151399.3501+(1.162925543*Dummy_Variables!E134)+(33.64117308*Dummy_Variables!F134)-(70986.27419*Dummy_Variables!G134)+(2851.729043*Dummy_Variables!H134)-(217.0377465*Dummy_Variables!I134) -> 580337.55 | C37: =A37-B37 -> -53037.42
A38: 509484.81 | B38: =151399.3501+(1.162925543*Dummy_Variables!E122)+(33.64117308*Dummy_Variables!F122)-(70986.27419*Dummy_Variables!G122)+(2851.729043*Dummy_Variables!H122)-(217.0377465*Dummy_Variables!I122) -> 562296.4 | C38: =A38-B38 -> -52811.591
A39: 553756.43 | B39: =151399.3501+(1.162925543*Dummy_Variables!E61)+(33.64117308*Dummy_Variables!F61)-(70986.27419*Dummy_Variables!G61)+(2851.729043*Dummy_Variables!H61)-(217.0377465*Dummy_Variables!I61) -> 606358.59 | C39: =A39-B39 -> -52602.164
A40: 643428.85 | B40: =151399.3501+(1.162925543*Dummy_Variables!E194)+(33.64117308*Dummy_Variables!F194)-(70986.27419*Dummy_Variables!G194)+(2851.729043*Dummy_Variables!H194)-(217.0377465*Dummy_Variables!I194) -> 693349.63 | C40: =A40-B40 -> -49920.778
A41: 554012.07 | B41: =151399.3501+(1.162925543*Dummy_Variables!E193)+(33.64117308*Dummy_Variables!F193)-(70986.27419*Dummy_Variables!G193)+(2851.729043*Dummy_Variables!H193)-(217.0377465*Dummy_Variables!I193) -> 603860.75 | C41: =A41-B41 -> -49848.682
A42: 741341.44 | B42: =151399.3501+(1.162925543*Dummy_Variables!E6)+(33.64117308*Dummy_Variables!F6)-(70986.27419*Dummy_Variables!G6)+(2851.729043*Dummy_Variables!H6)-(217.0377465*Dummy_Variables!I6) -> 790735.57 | C42: =A42-B42 -> -49394.128
A43: 524899.57 | B43: =151399.3501+(1.162925543*Dummy_Variables!E282)+(33.64117308*Dummy_Variables!F282)-(70986.27419*Dummy_Variables!G282)+(2851.729043*Dummy_Variables!H282)-(217.0377465*Dummy_Variables!I282) -> 571924.86 | C43: =A43-B43 -> -47025.289
A44: 723531.4 | B44: =151399.3501+(1.162925543*Dummy_Variables!E225)+(33.64117308*Dummy_Variables!F225)-(70986.27419*Dummy_Variables!G225)+(2851.729043*Dummy_Variables!H225)-(217.0377465*Dummy_Variables!I225) -> 770257.47 | C44: =A44-B44 -> -46726.069
A45: 559660.84 | B45: =151399.3501+(1.162925543*Dummy_Variables!E321)+(33.64117308*Dummy_Variables!F321)-(70986.27419*Dummy_Variables!G321)+(2851.729043*Dummy_Variables!H321)-(217.0377465*Dummy_Variables!I321) -> 606117.74 | C45: =A45-B45 -> -46456.898
A46: 617291.15 | B46: =151399.3501+(1.162925543*Dummy_Variables!E60)+(33.64117308*Dummy_Variables!F60)-(70986.27419*Dummy_Variables!G60)+(2851.729043*Dummy_Variables!H60)-(217.0377465*Dummy_Variables!I60) -> 663648.66 | C46: =A46-B46 -> -46357.513
A47: 721364.11 | B47: =151399.3501+(1.162925543*Dummy_Variables!E175)+(33.64117308*Dummy_Variables!F175)-(70986.27419*Dummy_Variables!G175)+(2851.729043*Dummy_Variables!H175)-(217.0377465*Dummy_Variables!I175) -> 767141.08 | C47: =A47-B47 -> -45776.967
A48: 577732.57 | B48: =151399.3501+(1.162925543*Dummy_Variables!E146)+(33.64117308*Dummy_Variables!F146)-(70986.27419*Dummy_Variables!G146)+(2851.729043*Dummy_Variables!H146)-(217.0377465*Dummy_Variables!I146) -> 623444.86 | C48: =A48-B48 -> -45712.288
A49: 607084.92 | B49: =151399.3501+(1.162925543*Dummy_Variables!E204)+(33.64117308*Dummy_Variables!F204)-(70986.27419*Dummy_Variables!G204)+(2851.729043*Dummy_Variables!H204)-(217.0377465*Dummy_Variables!I204) -> 652475.76 | C49: =A49-B49 -> -45390.841
A50: 680840.36 | B50: =151399.3501+(1.162925543*Dummy_Variables!E77)+(33.64117308*Dummy_Variables!F77)-(70986.27419*Dummy_Variables!G77)+(2851.729043*Dummy_Variables!H77)-(217.0377465*Dummy_Variables!I77) -> 725884.86 | C50: =A50-B50 -> -45044.497
A51: 650480.06 | B51: =151399.3501+(1.162925543*Dummy_Variables!E162)+(33.64117308*Dummy_Variables!F162)-(70986.27419*Dummy_Variables!G162)+(2851.729043*Dummy_Variables!H162)-(217.0377465*Dummy_Variables!I162) -> 694908.08 | C51: =A51-B51 -> -44428.024
A52: 697287.9 | B52: =151399.3501+(1.162925543*Dummy_Variables!E116)+(33.64117308*Dummy_Variables!F116)-(70986.27419*Dummy_Variables!G116)+(2851.729043*Dummy_Variables!H116)-(217.0377465*Dummy_Variables!I116) -> 741625.52 | C52: =A52-B52 -> -44337.624
A53: 574066.61 | B53: =151399.3501+(1.162925543*Dummy_Variables!E199)+(33.64117308*Dummy_Variables!F199)-(70986.27419*Dummy_Variables!G199)+(2851.729043*Dummy_Variables!H199)-(217.0377465*Dummy_Variables!I199) -> 617310.97 | C53: =A53-B53 -> -43244.356
A54: 685830.24 | B54: =151399.3501+(1.162925543*Dummy_Variables!E156)+(33.64117308*Dummy_Variables!F156)-(70986.27419*Dummy_Variables!G156)+(2851.729043*Dummy_Variables!H156)-(217.0377465*Dummy_Variables!I156) -> 728697.17 | C54: =A54-B54 -> -42866.926
A55: 688368.46 | B55: =151399.3501+(1.162925543*Dummy_Variables!E315)+(33.64117308*Dummy_Variables!F315)-(70986.27419*Dummy_Variables!G315)+(2851.729043*Dummy_Variables!H315)-(217.0377465*Dummy_Variables!I315) -> 731144.5 | C55: =A55-B55 -> -42776.041
A56: 537058.33 | B56: =151399.3501+(1.162925543*Dummy_Variables!E147)+(33.64117308*Dummy_Variables!F147)-(70986.27419*Dummy_Variables!G147)+(2851.729043*Dummy_Variables!H147)-(217.0377465*Dummy_Variables!I147) -> 579370.82 | C56: =A56-B56 -> -42312.485
A57: 596969.27 | B57: =151399.3501+(1.162925543*Dummy_Variables!E232)+(33.64117308*Dummy_Variables!F232)-(70986.27419*Dummy_Variables!G232)+(2851.729043*Dummy_Variables!H232)-(217.0377465*Dummy_Variables!I232) -> 638848.91 | C57: =A57-B57 -> -41879.643
A58: 487464.91 | B58: =151399.3501+(1.162925543*Dummy_Variables!E57)+(33.64117308*Dummy_Variables!F57)-(70986.27419*Dummy_Variables!G57)+(2851.729043*Dummy_Variables!H57)-(217.0377465*Dummy_Variables!I57) -> 529033.86 | C58: =A58-B58 -> -41568.951
A59: 599603.4 | B59: =151399.3501+(1.162925543*Dummy_Variables!E47)+(33.64117308*Dummy_Variables!F47)-(70986.27419*Dummy_Variables!G47)+(2851.729043*Dummy_Variables!H47)-(217.0377465*Dummy_Variables!I47) -> 639934.89 | C59: =A59-B59 -> -40331.488
A60: 557487.26 | B60: =151399.3501+(1.162925543*Dummy_Variables!E124)+(33.64117308*Dummy_Variables!F124)-(70986.27419*Dummy_Variables!G124)+(2851.729043*Dummy_Variables!H124)-(217.0377465*Dummy_Variables!I124) -> 595753.44 | C60: =A60-B60 -> -38266.183
A61: 739831.73 | B61: =151399.3501+(1.162925543*Dummy_Variables!E170)+(33.64117308*Dummy_Variables!F170)-(70986.27419*Dummy_Variables!G170)+(2851.729043*Dummy_Variables!H170)-(217.0377465*Dummy_Variables!I170) -> 777653.38 | C61: =A61-B61 -> -37821.649
A62: 536524.84 | B62: =151399.3501+(1.162925543*Dummy_Variables!E311)+(33.64117308*Dummy_Variables!F311)-(70986.27419*Dummy_Variables!G311)+(2851.729043*Dummy_Variables!H311)-(217.0377465*Dummy_Variables!I311) -> 572185.15 | C62: =A62-B62 -> -35660.31
A63: 546223.7 | B63: =151399.3501+(1.162925543*Dummy_Variables!E294)+(33.64117308*Dummy_Variables!F294)-(70986.27419*Dummy_Variables!G294)+(2851.729043*Dummy_Variables!H294)-(217.0377465*Dummy_Variables!I294) -> 581277.68 | C63: =A63-B63 -> -35053.982
A64: 679230.86 | B64: =151399.3501+(1.162925543*Dummy_Variables!E248)+(33.64117308*Dummy_Variables!F248)-(70986.27419*Dummy_Variables!G248)+(2851.729043*Dummy_Variables!H248)-(217.0377465*Dummy_Variables!I248) -> 713091.31 | C64: =A64-B64 -> -33860.452
A65: 758138.29 | B65: =151399.3501+(1.162925543*Dummy_Variables!E176)+(33.64117308*Dummy_Variables!F176)-(70986.27419*Dummy_Variables!G176)+(2851.729043*Dummy_Variables!H176)-(217.0377465*Dummy_Variables!I176) -> 791469.93 | C65: =A65-B65 -> -33331.638
A66: 602002.32 | B66: =151399.3501+(1.162925543*Dummy_Variables!E159)+(33.64117308*Dummy_Variables!F159)-(70986.27419*Dummy_Variables!G159)+(2851.729043*Dummy_Variables!H159)-(217.0377465*Dummy_Variables!I159) -> 634654.24 | C66: =A66-B66 -> -32651.917
A67: 718330.53 | B67: =151399.3501+(1.162925543*Dummy_Variables!E39)+(33.64117308*Dummy_Variables!F39)-(70986.27419*Dummy_Variables!G39)+(2851.729043*Dummy_Variables!H39)-(217.0377465*Dummy_Variables!I39) -> 750635.34 | C67: =A67-B67 -> -32304.811
A68: 573155.19 | B68: =151399.3501+(1.162925543*Dummy_Variables!E19)+(33.64117308*Dummy_Variables!F19)-(70986.27419*Dummy_Variables!G19)+(2851.729043*Dummy_Variables!H19)-(217.0377465*Dummy_Variables!I19) -> 604925.48 | C68: =A68-B68 -> -31770.294
A69: 666573.2 | B69: =151399.3501+(1.162925543*Dummy_Variables!E20)+(33.64117308*Dummy_Variables!F20)-(70986.27419*Dummy_Variables!G20)+(2851.729043*Dummy_Variables!H20)-(217.0377465*Dummy_Variables!I20) -> 697726.59 | C69: =A69-B69 -> -31153.393
A70: 696261.49 | B70: =151399.3501+(1.162925543*Dummy_Variables!E291)+(33.64117308*Dummy_Variables!F291)-(70986.27419*Dummy_Variables!G291)+(2851.729043*Dummy_Variables!H291)-(217.0377465*Dummy_Variables!I291) -> 727378.77 | C70: =A70-B70 -> -31117.285
A71: 586626.94 | B71: =151399.3501+(1.162925543*Dummy_Variables!E103)+(33.64117308*Dummy_Variables!F103)-(70986.27419*Dummy_Variables!G103)+(2851.729043*Dummy_Variables!H103)-(217.0377465*Dummy_Variables!I103) -> 617410.33 | C71: =A71-B71 -> -30783.391
A72: 479050.5 | B72: =151399.3501+(1.162925543*Dummy_Variables!E71)+(33.64117308*Dummy_Variables!F71)-(70986.27419*Dummy_Variables!G71)+(2851.729043*Dummy_Variables!H71)-(217.0377465*Dummy_Variables!I71) -> 509262.79 | C72: =A72-B72 -> -30212.293
A73: 555557.77 | B73: =151399.3501+(1.162925543*Dummy_Variables!E283)+(33.64117308*Dummy_Variables!F283)-(70986.27419*Dummy_Variables!G283)+(2851.729043*Dummy_Variables!H283)-(217.0377465*Dummy_Variables!I283) -> 585389.73 | C73: =A73-B73 -> -29831.958
A74: 578949.84 | B74: =151399.3501+(1.162925543*Dummy_Variables!E200)+(33.64117308*Dummy_Variables!F200)-(70986.27419*Dummy_Variables!G200)+(2851.729043*Dummy_Variables!H200)-(217.0377465*Dummy_Variables!I200) -> 608235.87 | C74: =A74-B74 -> -29286.032
A75: 666152.52 | B75: =151399.3501+(1.162925543*Dummy_Variables!E18)+(33.64117308*Dummy_Variables!F18)-(70986.27419*Dummy_Variables!G18)+(2851.729043*Dummy_Variables!H18)-(217.0377465*Dummy_Variables!I18) -> 695302.49 | C75: =A75-B75 -> -29149.968
A76: 527681.56 | B76: =151399.3501+(1.162925543*Dummy_Variables!E228)+(33.64117308*Dummy_Variables!F228)-(70986.27419*Dummy_Variables!G228)+(2851.729043*Dummy_Variables!H228)-(217.0377465*Dummy_Variables!I228) -> 556709.92 | C76: =A76-B76 -> -29028.358
A77: 718074.79 | B77: =151399.3501+(1.162925543*Dummy_Variables!E117)+(33.64117308*Dummy_Variables!F117)-(70986.27419*Dummy_Variables!G117)+(2851.729043*Dummy_Variables!H117)-(217.0377465*Dummy_Variables!I117) -> 746689.47 | C77: =A77-B77 -> -28614.677
A78: 612390.14 | B78: =151399.3501+(1.162925543*Dummy_Variables!E257)+(33.64117308*Dummy_Variables!F257)-(70986.27419*Dummy_Variables!G257)+(2851.729043*Dummy_Variables!H257)-(217.0377465*Dummy_Variables!I257) -> 640091.15 | C78: =A78-B78 -> -27701.014
A79: 800979.78 | B79: =151399.3501+(1.162925543*Dummy_Variables!E37)+(33.64117308*Dummy_Variables!F37)-(70986.27419*Dummy_Variables!G37)+(2851.729043*Dummy_Variables!H37)-(217.0377465*Dummy_Variables!I37) -> 828655.78 | C79: =A79-B79 -> -27675.997
A80: 702068.92 | B80: =151399.3501+(1.162925543*Dummy_Variables!E293)+(33.64117308*Dummy_Variables!F293)-(70986.27419*Dummy_Variables!G293)+(2851.729043*Dummy_Variables!H293)-(217.0377465*Dummy_Variables!I293) -> 729189.57 | C80: =A80-B80 -> -27120.648
A81: 804264 | B81: =151399.3501+(1.162925543*Dummy_Variables!E177)+(33.64117308*Dummy_Variables!F177)-(70986.27419*Dummy_Variables!G177)+(2851.729043*Dummy_Variables!H177)-(217.0377465*Dummy_Variables!I177) -> 831140.78 | C81: =A81-B81 -> -26876.78
A82: 500173.02 | B82: =151399.3501+(1.162925543*Dummy_Variables!E32)+(33.64117308*Dummy_Variables!F32)-(70986.27419*Dummy_Variables!G32)+(2851.729043*Dummy_Variables!H32)-(217.0377465*Dummy_Variables!I32) -> 526980.87 | C82: =A82-B82 -> -26807.854
A83: 761835.34 | B83: =151399.3501+(1.162925543*Dummy_Variables!E7)+(33.64117308*Dummy_Variables!F7)-(70986.27419*Dummy_Variables!G7)+(2851.729043*Dummy_Variables!H7)-(217.0377465*Dummy_Variables!I7) -> 788349.45 | C83: =A83-B83 -> -26514.111
A84: 761122.42 | B84: =151399.3501+(1.162925543*Dummy_Variables!E281)+(33.64117308*Dummy_Variables!F281)-(70986.27419*Dummy_Variables!G281)+(2851.729043*Dummy_Variables!H281)-(217.0377465*Dummy_Variables!I281) -> 787388.41 | C84: =A84-B84 -> -26265.986
A85: 611766.72 | B85: =151399.3501+(1.162925543*Dummy_Variables!E87)+(33.64117308*Dummy_Variables!F87)-(70986.27419*Dummy_Variables!G87)+(2851.729043*Dummy_Variables!H87)-(217.0377465*Dummy_Variables!I87) -> 636402.85 | C85: =A85-B85 -> -24636.133
A86: 614024.91 | B86: =151399.3501+(1.162925543*Dummy_Variables!E150)+(33.64117308*Dummy_Variables!F150)-(70986.27419*Dummy_Variables!G150)+(2851.729043*Dummy_Variables!H150)-(217.0377465*Dummy_Variables!I150) -> 638552.81 | C86: =A86-B86 -> -24527.901
A87: 599017.33 | B87: =151399.3501+(1.162925543*Dummy_Variables!E300)+(33.64117308*Dummy_Variables!F300)-(70986.27419*Dummy_Variables!G300)+(2851.729043*Dummy_Variables!H300)-(217.0377465*Dummy_Variables!I300) -> 623282.67 | C87: =A87-B87 -> -24265.342
A88: 622811.74 | B88: =151399.3501+(1.162925543*Dummy_Variables!E50)+(33.64117308*Dummy_Variables!F50)-(70986.27419*Dummy_Variables!G50)+(2851.729043*Dummy_Variables!H50)-(217.0377465*Dummy_Variables!I50) -> 646842.89 | C88: =A88-B88 -> -24031.15
A89: 708985.19 | B89: =151399.3501+(1.162925543*Dummy_Variables!E266)+(33.64117308*Dummy_Variables!F266)-(70986.27419*Dummy_Variables!G266)+(2851.729043*Dummy_Variables!H266)-(217.0377465*Dummy_Variables!I266) -> 732901.8 | C89: =A89-B89 -> -23916.614
A90: 946833.54 | B90: =151399.3501+(1.162925543*Dummy_Variables!E212)+(33.64117308*Dummy_Variables!F212)-(70986.27419*Dummy_Variables!G212)+(2851.729043*Dummy_Variables!H212)-(217.0377465*Dummy_Variables!I212) -> 969367.49 | C90: =A90-B90 -> -22533.951
A91: 607898.12 | B91: =151399.3501+(1.162925543*Dummy_Variables!E97)+(33.64117308*Dummy_Variables!F97)-(70986.27419*Dummy_Variables!G97)+(2851.729043*Dummy_Variables!H97)-(217.0377465*Dummy_Variables!I97) -> 629346.74 | C91: =A91-B91 -> -21448.622
A92: 650795.49 | B92: =151399.3501+(1.162925543*Dummy_Variables!E205)+(33.64117308*Dummy_Variables!F205)-(70986.27419*Dummy_Variables!G205)+(2851.729043*Dummy_Variables!H205)-(217.0377465*Dummy_Variables!I205) -> 672232.62 | C92: =A92-B92 -> -21437.13
A93: 784502.68 | B93: =151399.3501+(1.162925543*Dummy_Variables!E66)+(33.64117308*Dummy_Variables!F66)-(70986.27419*Dummy_Variables!G66)+(2851.729043*Dummy_Variables!H66)-(217.0377465*Dummy_Variables!I66) -> 805112.68 | C93: =A93-B93 -> -20609.999
A94: 636561.34 | B94: =151399.3501+(1.162925543*Dummy_Variables!E81)+(33.64117308*Dummy_Variables!F81)-(70986.27419*Dummy_Variables!G81)+(2851.729043*Dummy_Variables!H81)-(217.0377465*Dummy_Variables!I81) -> 657036.82 | C94: =A94-B94 -> -20475.484
A95: 679731.57 | B95: =151399.3501+(1.162925543*Dummy_Variables!E173)+(33.64117308*Dummy_Variables!F173)-(70986.27419*Dummy_Variables!G173)+(2851.729043*Dummy_Variables!H173)-(217.0377465*Dummy_Variables!I173) -> 699740.32 | C95: =A95-B95 -> -20008.752
A96: 681855.56 | B96: =151399.3501+(1.162925543*Dummy_Variables!E186)+(33.64117308*Dummy_Variables!F186)-(70986.27419*Dummy_Variables!G186)+(2851.729043*Dummy_Variables!H186)-(217.0377465*Dummy_Variables!I186) -> 701613.96 | C96: =A96-B96 -> -19758.396
A97: 500298.48 | B97: =151399.3501+(1.162925543*Dummy_Variables!E59)+(33.64117308*Dummy_Variables!F59)-(70986.27419*Dummy_Variables!G59)+(2851.729043*Dummy_Variables!H59)-(217.0377465*Dummy_Variables!I59) -> 519054.23 | C97: =A97-B97 -> -18755.746
A98: 633494.21 | B98: =151399.3501+(1.162925543*Dummy_Variables!E112)+(33.64117308*Dummy_Variables!F112)-(70986.27419*Dummy_Variables!G112)+(2851.729043*Dummy_Variables!H112)-(217.0377465*Dummy_Variables!I112) -> 652110.22 | C98: =A98-B98 -> -18616.014
A99: 642751.42 | B99: =151399.3501+(1.162925543*Dummy_Variables!E251)+(33.64117308*Dummy_Variables!F251)-(70986.27419*Dummy_Variables!G251)+(2851.729043*Dummy_Variables!H251)-(217.0377465*Dummy_Variables!I251) -> 661364.59 | C99: =A99-B99 -> -18613.173
A100: 706285.52 | B100: =151399.3501+(1.162925543*Dummy_Variables!E167)+(33.64117308*Dummy_Variables!F167)-(70986.27419*Dummy_Variables!G167)+(2851.729043*Dummy_Variables!H167)-(217.0377465*Dummy_Variables!I167) -> 724712.25 | C100: =A100-B100 -> -18426.731
...

Sheet Model_Comparison
A1: Model | B1: Dependent Variable | C1: Independent Variables | D1: R² | E1: Significant Variables | F1: Business Usefulness
A2: Simple Model 1 | B2: Monthly Sales | C2: Marketing Spend | D2: 0.167 | E2: Marketing Spend | F2: Weak to Moderate
A3: Simple Model 2 | B3: Monthly Sales | C3: Footfall | D3: 0.736 | E3: Footfall | F3: Strong
A4: Multiple Regression | B4: Monthly Sales | C4: Marketing Spend, Footfall, Avg Discount Pct, Inventory Availability Pct, Region_North | D4: 0.807 | E4: Marketing Spend, Footfall, Inventory Availability Pct | F4: Very Strong
